post_id,post_title,post_url,comment_id,author,body,score,created
1mbgzdy,Me tienen aburrido los progres,https://reddit.com/r/RepublicadeChile/comments/1mbgzdy/me_tienen_aburrido_los_progres/,n5o0ko2,CatadorDeHumitas,"Estudias ciencias sociales? XD
Eso o la usach

O las dos",59,2025-07-28 20:49:15
1mbgzdy,Me tienen aburrido los progres,https://reddit.com/r/RepublicadeChile/comments/1mbgzdy/me_tienen_aburrido_los_progres/,n5mz308,Specialist-Arm3496,"En mi dia a dia nunca me he topado con progres meme, siento que wea esa es pura red social

si lo hiciera alguna vez me reir√≠a o tendria siempre esa sonrisa condecendiente como ""ya si ya""",108,2025-07-28 17:54:07
1mbgzdy,Me tienen aburrido los progres,https://reddit.com/r/RepublicadeChile/comments/1mbgzdy/me_tienen_aburrido_los_progres/,n5myyjs,Eimyx,"Yo soy creyente del liberalismo, haz lo que quieras, metete en la boca lo que quieras , me da igual tu orientecion sexual o lo que sea que creas ser

Simplemente no molestes al resto, vive y deja vivir, tu opinion y tu ideal guardatelos para ti o un debate, no te pongas a gritar como simio y no obliges a los demas a pensar como tu.",179,2025-07-28 17:53:34
1mbgzdy,Me tienen aburrido los progres,https://reddit.com/r/RepublicadeChile/comments/1mbgzdy/me_tienen_aburrido_los_progres/,n5myr2p,Repulsive_Unit_7025,‚ÄúLorea la marihuana me deja los ojos terrible loco po loco‚Äù,49,2025-07-28 17:52:38
1mbgzdy,Me tienen aburrido los progres,https://reddit.com/r/RepublicadeChile/comments/1mbgzdy/me_tienen_aburrido_los_progres/,n5nrwp1,evitableTicket,"Odio a los que no piensan como yo.¬†

Caso aislado # 5353456",118,2025-07-28 20:07:38
1mbgzdy,Me tienen aburrido los progres,https://reddit.com/r/RepublicadeChile/comments/1mbgzdy/me_tienen_aburrido_los_progres/,n5n4f5y,LateWinner4772,Fuerza,34,2025-07-28 18:18:11
1mbgzdy,Me tienen aburrido los progres,https://reddit.com/r/RepublicadeChile/comments/1mbgzdy/me_tienen_aburrido_los_progres/,n5nxfjq,Medical_Astronaut_21,Mi primo me conto que en la U Chile el dirigente del centro de alumnos dice ''Estudiantes y estudiantas'',14,2025-07-28 20:34:12
1mbgzdy,Me tienen aburrido los progres,https://reddit.com/r/RepublicadeChile/comments/1mbgzdy/me_tienen_aburrido_los_progres/,n5pm5rh,betraal,"Pero si es el PC es una secta culia, todav√≠a no se dan cuenta?

Adentro del JJCC, quieren saber todo de ti y tratan de controlar cada aspecto de tu vida, te hacen repetir dogmas como verdaderos mantras y te ense√±an falacias que incluso los weones m√°s fan√°ticos quedaban medios extra√±ados porque era muy sabido que no era tal, pero luego de su lavado de cabeza (la de arriba porsiaca) quedaban repitiendo las mismas weas. Yo no dur√© ni 2 a√±os y con otros 2 compas nos fuimos, sobre todo por lo de sus ""credenciales democr√°ticas"" y como justificaban matanzas y horrores cometidos por sus colegas, aparte son s√∫per clasistas entre ellos y hay harto weon de luca, basta ver los autitos y que algunos tienen choferes 


Ahhh no son patriotas, ellos creen s√≥lo en el comit√© central y la dominaci√≥n mundial, asi que a los panfleteros que nunca pisaron la jota, me la pelan, no saben con la clase de gente culia que se est√°n asociando",5,2025-07-29 01:48:41
1mbgzdy,Me tienen aburrido los progres,https://reddit.com/r/RepublicadeChile/comments/1mbgzdy/me_tienen_aburrido_los_progres/,n5psatp,Distinct_Teach2991,"tranqui, sales de la burbuja universitaria y se acaba esa wea pa siempre.",7,2025-07-29 02:23:53
1mbgzdy,Me tienen aburrido los progres,https://reddit.com/r/RepublicadeChile/comments/1mbgzdy/me_tienen_aburrido_los_progres/,n5o5dev,RealisticMine6962,"Un wn progre de esos que dices usualmente son malas personas fingiendo ser buenas personas. Si te fijas bien usualmente siempre son estos wns los que menos relaciones sanas tienen (sea de amistad, o pareja), mayor consumo de drogas tienen, y m√°s denuncias o funas tienen por weas truchas que hicieron. 

He conocido gente que parecen ser s√∫per pesados, ma√±osos, ap√°ticos, pero a la hora de la verdad son las personas m√°s comprensivas o tolerantes, porque entienden una wea tan b√°sica como que su libertad termina donde empieza la del otro, incluso si no les gustan los temas gays, o zurdos, etc. 

Es muy f√°cil no ser un ctm con el pr√≥jimo.",21,2025-07-28 21:11:56
1mbgzdy,Me tienen aburrido los progres,https://reddit.com/r/RepublicadeChile/comments/1mbgzdy/me_tienen_aburrido_los_progres/,n5nmej6,VOO500,"Fui dirigente estudiantil de una carrera X en la Udec, y wn, las asambleas con la gente de ciencias sociales y educaci√≥n eran infumables. A tal punto que tuvimos que designar un delegado para ir a las asambleas. Simplemente son una secta adoctrinada y violenta, que ante cualquier comentario/argumento contra sus ideas se te tiran al cuello. No respetaban ni a los alumnos... muchas veces ganaba el no irse a paro, y los qliaos igual se tomaban la wea noma.

Culpables? Los mismos profes wn, hay demasiados zurdos con ideas weonas dictando clases. Es un ciclo la wea.",19,2025-07-28 19:41:10
1mbgzdy,Me tienen aburrido los progres,https://reddit.com/r/RepublicadeChile/comments/1mbgzdy/me_tienen_aburrido_los_progres/,n5ngcse,MortgageAgitated,"me da rabia que est√° s√∫per normalizada toda esta wea progre en lo acad√©mico y estatal lamentablemente, onda que en documentos del gobierno tenga que leer a cada rato los/as profesores/as etc pa satisfacer a una minor√≠a culia que se puso a llorar por meg√°fonos que les molestaba la ‚Äúo‚Äù. Soy profe y me doy cuenta que en caleta de documentos curriculares esta ideolog√≠a est√° metida, en qu√© momento wn, que rabia el poder e influencia que ha tenido esta minor√≠a, hay un mont√≥n de ideolog√≠as, religiones y l√≠neas de pensamiento pero no est√°n todas metidas en el estado y educaci√≥n, por qu√© esta si üò™",18,2025-07-28 19:12:30
1mbgzdy,Me tienen aburrido los progres,https://reddit.com/r/RepublicadeChile/comments/1mbgzdy/me_tienen_aburrido_los_progres/,n5mzjwf,Environmental_Act757,"Son minor√≠as, pero son minor√≠as ruidosas y organizadas, lo suficiente como para tener poder. Lamentablemente toda la educaci√≥n estatal est√° infestada de estos grup√∫sculos, asambleismo y griter√≠o. Nadie hace nada porque tampoco saben que hacer realmente. Una de las medidas es reducir las carreras en 2 a√±os como m√≠nimo.",27,2025-07-28 17:56:13
1mbgzdy,Me tienen aburrido los progres,https://reddit.com/r/RepublicadeChile/comments/1mbgzdy/me_tienen_aburrido_los_progres/,n5n4kgw,AngeloAtreyu,Me encanta la gente que llora por Internet pq en persona no tiene ni la mitad de un coco üòÇ,39,2025-07-28 18:18:50
1mbgzdy,Me tienen aburrido los progres,https://reddit.com/r/RepublicadeChile/comments/1mbgzdy/me_tienen_aburrido_los_progres/,n5n78qn,darealgotti,"Todos son progres en la u. Despu√©s se les quita lo est√∫pido. 

Fuente: Yo",17,2025-07-28 18:30:56
1mbgzdy,Me tienen aburrido los progres,https://reddit.com/r/RepublicadeChile/comments/1mbgzdy/me_tienen_aburrido_los_progres/,n5otrdk,Southern_Experience7,"Ya vas a salir al mundo real, ese no es el de la universidad",3,2025-07-28 23:11:46
1mbgzdy,Me tienen aburrido los progres,https://reddit.com/r/RepublicadeChile/comments/1mbgzdy/me_tienen_aburrido_los_progres/,n5oxusr,nikolaistark91,Cuando meten la e y el famoso lenguaje inclusivo te juro que no los puedo tomar en serio,3,2025-07-28 23:33:44
1mbgzdy,Me tienen aburrido los progres,https://reddit.com/r/RepublicadeChile/comments/1mbgzdy/me_tienen_aburrido_los_progres/,n5rf60z,Affectionate_Day3895,A veces leo estos hilos y me da envidia est√° gente sin problemas de verdad.,3,2025-07-29 09:58:20
1mbgzdy,Me tienen aburrido los progres,https://reddit.com/r/RepublicadeChile/comments/1mbgzdy/me_tienen_aburrido_los_progres/,n5uw40h,Sorry_Pea9624,"Suena m√°s a que eres un aislado social y te molesta el colectivismo de otras personas, por quebrada de lo que se√±alas te afecta directamente. Mejor anda a que te curen lo rdiculo",3,2025-07-29 21:24:21
1mbgzdy,Me tienen aburrido los progres,https://reddit.com/r/RepublicadeChile/comments/1mbgzdy/me_tienen_aburrido_los_progres/,n5v7osx,Kanjono,"Socio, usted se frustra con harto poco xD
Yo trabajo con colegas que todo el d√≠a hablan pescas pol√≠ticamente y valoricamente contrarias a las m√≠as. Parte de la madurez es saber convivir con gente que no piensa como tu, porque te cuento; esto te pasar√° una y otra vez en tu vida. Si ahora te molesta, te espera un futuro bien amargo",3,2025-07-29 22:18:39
1mbgzdy,Me tienen aburrido los progres,https://reddit.com/r/RepublicadeChile/comments/1mbgzdy/me_tienen_aburrido_los_progres/,n5nbda7,Sharp-Pineapple-912,Y viniste a llorar ac√°?,25,2025-07-28 18:49:36
1mbgzdy,Me tienen aburrido los progres,https://reddit.com/r/RepublicadeChile/comments/1mbgzdy/me_tienen_aburrido_los_progres/,n5nxnol,blackweimaraner,El cristalito necesita un espacio seguro?,11,2025-07-28 20:35:18
1mbgzdy,Me tienen aburrido los progres,https://reddit.com/r/RepublicadeChile/comments/1mbgzdy/me_tienen_aburrido_los_progres/,n5nsq6x,Easy-Significance775,"Burbuja de estar estudiando no mas. Si bien me eh topado gente ""progre"" en la vida real no son tantos pero si que a veces pueden ser intensitos pa sus weas xd no lo niego pero meeh",2,2025-07-28 20:11:37
1mbgzdy,Me tienen aburrido los progres,https://reddit.com/r/RepublicadeChile/comments/1mbgzdy/me_tienen_aburrido_los_progres/,n5ofec7,Robesteban,"Una persona de mayor edad mirar√≠a con asco la forma en la que escribes. El lenguaje evoluciona, que queda el tiempo y que desaparece es cosa de todos.",2,2025-07-28 21:59:00
1mbgzdy,Me tienen aburrido los progres,https://reddit.com/r/RepublicadeChile/comments/1mbgzdy/me_tienen_aburrido_los_progres/,n5ojpw3,jpquiro,bienvenido a la experiencia universitaria,2,2025-07-28 22:20:17
1mbgzdy,Me tienen aburrido los progres,https://reddit.com/r/RepublicadeChile/comments/1mbgzdy/me_tienen_aburrido_los_progres/,n5olbwk,Soruuuh,"La wea irreal jabajaj agradezco nunca toparme con cosas asi, vivia en una poblacion ""comunista"" pero no pasaban cosas tan surreales como comentas, con suerte para el dia del joven combatiente o el 11 de septiembre hacen ceremonias muy piolas y con respeto.

Creo que encaja mejor la palabra ""√ëu√±oino"" que progre en este caso",2,2025-07-28 22:28:24
1mbgzdy,Me tienen aburrido los progres,https://reddit.com/r/RepublicadeChile/comments/1mbgzdy/me_tienen_aburrido_los_progres/,n5ptgzi,jawsker,en mi u al contrario est√° llena de furros y Otakus. a veces desear√≠a que hubiera un poco m√°s de representaci√≥n pol√≠tica porque me llega a deprimir la soledad jaja,2,2025-07-29 02:30:41
1mbgzdy,Me tienen aburrido los progres,https://reddit.com/r/RepublicadeChile/comments/1mbgzdy/me_tienen_aburrido_los_progres/,n5sas42,xWildxNigg,"Amigo en yo_ctm, borraron un meme por eso mismo.

Ni un chiste se puede hacer, que enseguida se ofenden y salen con puras huevadas.",2,2025-07-29 14:00:04
1mbgzdy,Me tienen aburrido los progres,https://reddit.com/r/RepublicadeChile/comments/1mbgzdy/me_tienen_aburrido_los_progres/,n5tr4t6,Mau-bro,"

En la vida te vas a tomar con muchas personas que te desagradan por distintas maneras. Yo la verdad prefiero eso a estar en un ambiente completamente cerrado donde todos piensan como yo. Porque tristemente no hay un punto medio o est√°s expuesto a las personas que te molestan, o te transformas en un aislado que al final termina siendo la versi√≥n opuesta pero igual de lo que te molesta. 

Yo interact√∫o seguido con personas de izquierda y de derecha que me molestan pero trato de sacar lo mejor de la experiencia. Despu√©s de todo El mal ejemplo es el m√°s efectivo.",2,2025-07-29 18:14:11
1mbgzdy,Me tienen aburrido los progres,https://reddit.com/r/RepublicadeChile/comments/1mbgzdy/me_tienen_aburrido_los_progres/,n5nkimp,Alejandro_rdtt,"¬øes en serio esto?   yo en mi vida he visto weas como las que comenta el muchacho aqui. Y de hecho mi impresi√≥n es que el ""progrismo"" parece ir en retirada en las nuevas generaciones.",7,2025-07-28 19:32:11
1mbgzdy,Me tienen aburrido los progres,https://reddit.com/r/RepublicadeChile/comments/1mbgzdy/me_tienen_aburrido_los_progres/,n5oejme,Yeguamon,Estudi√© en JGM en la universidad de Chile (siendo de centro-derecha) y da pena como los progres siendo algunos personas medianamente inteligentes pueden llegar a ser tan pero tan odiosos. Como est√°n sin dios ni ley pueden validar sus discursos de mierda entre ellos mismos y as√≠ se le da rienda suelta a la estupidez.,3,2025-07-28 21:54:54
1mbgzdy,Me tienen aburrido los progres,https://reddit.com/r/RepublicadeChile/comments/1mbgzdy/me_tienen_aburrido_los_progres/,n5pgm72,BubbleBobbleYoshi,"Sabes, es que ni eso me molesta. Que hablen como quieran o que crean en las tonter√≠as que quieran creer. Que griten, que se manifiesten, que se droguen si total no estar√© cerca de ellos. Lo que realmente me choca es que siempre quieran CONTROL sobre las dem√°s personas.

Que no puedes creer en esto, que no puedes opinar esto, que tu opini√≥n no es v√°lida, que si no piensas como yo eres el malo, que todo el que se opone a mi forma de pensar es hater, es algo-f√≥bico, que no puedes decir estas palabras. Hasta se hacen bullying entre ellos mismos obligando al grupo entero a seguir una misma l√≠nea, por eso les choca encontrarse gente como uno con pensamiento cr√≠tico porque no toleran que les lleven la contraria en pensamiento. Est√°n acostumbrados a las echo chambers.

Y lo peor de todo es que no saben respetar a las personas, no saben lo que son valores de verdad, no saben comportarse en comunidad, convivir, tolerar. No saben nada de eso y no saben tampoco valorar las cosas buenas de las personas porque se fijan en puras estupideces relacionadas a sus ideas.",2,2025-07-29 01:16:49
1mbgzdy,Me tienen aburrido los progres,https://reddit.com/r/RepublicadeChile/comments/1mbgzdy/me_tienen_aburrido_los_progres/,n5nl3ou,monkeyDantifa,Suena a que el problema es m√°s tuyo que de ellos.,6,2025-07-28 19:34:58
1mbgzdy,Me tienen aburrido los progres,https://reddit.com/r/RepublicadeChile/comments/1mbgzdy/me_tienen_aburrido_los_progres/,n5njo98,cachimba69,Cuidado que aqu√≠ en reddit est√° lleno de progres. El le√≥n se meti√≥ a una manada de hienas.,6,2025-07-28 19:28:09
1mbgzdy,Me tienen aburrido los progres,https://reddit.com/r/RepublicadeChile/comments/1mbgzdy/me_tienen_aburrido_los_progres/,n5oxvp8,Advantage_Safe,"Vas en la URSSACH ?  

Yo cuando andaba por ah√≠ siempre ten√≠an banderas del MIR y el FPMR.",2,2025-07-28 23:33:52
1mbgzdy,Me tienen aburrido los progres,https://reddit.com/r/RepublicadeChile/comments/1mbgzdy/me_tienen_aburrido_los_progres/,n5pnuad,milo-2112,"Este es un caso t√≠pico de ‚Äúm√≠renme, m√≠renme, voy a inventar cualquier wea de historia incoherente porque debo decir algo para llamar la atenci√≥n‚Äù",2,2025-07-29 01:58:13
1mbgzdy,Me tienen aburrido los progres,https://reddit.com/r/RepublicadeChile/comments/1mbgzdy/me_tienen_aburrido_los_progres/,n5nhkxe,OtherwiseIsland9492,"Son un movimiento que nadie va a recordar despu√©s, no hicieron nada relevante. Y si son recordados, ser√°n por lo llorones y molestos que era.

Sus vidas consisten en ""Estoy aburrido, por ende buscar√© de qu√© quejarme"" o justificar su incompetencia laboral culpando al capitalismo y al hombre blanco.",2,2025-07-28 19:18:14
1mbgzdy,Me tienen aburrido los progres,https://reddit.com/r/RepublicadeChile/comments/1mbgzdy/me_tienen_aburrido_los_progres/,n5ofsk1,CalmEntry4855,\*weoncites,1,2025-07-28 22:00:57
1mbgzdy,Me tienen aburrido los progres,https://reddit.com/r/RepublicadeChile/comments/1mbgzdy/me_tienen_aburrido_los_progres/,n5ofxwp,DamnatioN0083,"puta para tu consuelo, cuando te titules y salgas de la u, todo eso que odias, va acabar o se puede magnificar j3j3j3",1,2025-07-28 22:01:41
1mbgzdy,Me tienen aburrido los progres,https://reddit.com/r/RepublicadeChile/comments/1mbgzdy/me_tienen_aburrido_los_progres/,n5op5h1,maplestoryhater,Dos Boric m√°s y en Per√∫ empezar√°n a so√±ar con Tarapac√°.,1,2025-07-28 22:47:46
1mbgzdy,Me tienen aburrido los progres,https://reddit.com/r/RepublicadeChile/comments/1mbgzdy/me_tienen_aburrido_los_progres/,n5paj3a,darkaaaaaaa,Pues d√≠selo en la cara o no vayas mas,1,2025-07-29 00:42:43
1mbgzdy,Me tienen aburrido los progres,https://reddit.com/r/RepublicadeChile/comments/1mbgzdy/me_tienen_aburrido_los_progres/,n5payc3,Witty_Worldliness501,"Wow, lo mismo sucede en argentina.",1,2025-07-29 00:44:58
1mbgzdy,Me tienen aburrido los progres,https://reddit.com/r/RepublicadeChile/comments/1mbgzdy/me_tienen_aburrido_los_progres/,n5pcmyu,Papanegro77,Yo creo que te falta personalidad,1,2025-07-29 00:54:13
1mbgzdy,Me tienen aburrido los progres,https://reddit.com/r/RepublicadeChile/comments/1mbgzdy/me_tienen_aburrido_los_progres/,n5pr41l,RogerTh134,Basta de esos c s m,1,2025-07-29 02:17:00
1mbgzdy,Me tienen aburrido los progres,https://reddit.com/r/RepublicadeChile/comments/1mbgzdy/me_tienen_aburrido_los_progres/,n5q35ym,richirich10,"Hace lo querai compa√±ero, da lo mismo",1,2025-07-29 03:27:26
1mbgzdy,Me tienen aburrido los progres,https://reddit.com/r/RepublicadeChile/comments/1mbgzdy/me_tienen_aburrido_los_progres/,n5qubsb,Onix1312,"Acabas de descubrir porque nadie pesca a los Juanito juega con caca, son infumables y re soberbios. Ojo no toda la izquierda es as√≠, hay una izquierda m√°s del mundo sindical, que si agarra la pala y que te sorprender√≠a ver que no son tan distinto a cualquier chileno de a pie, lamentablemente ellos no son del mundo acad√©mico universitario y por lo tanto los marihuanos de la U no los tienen de ejemplo. Para conocer a esta gente ten√≠ qu√© trabajar, wea qu√© en promedio el progre de U hace muy poco mientras estudia, por eso apenas salen de la U y reciben su primer sueldo son tan burgueses e hip√≥critas",1,2025-07-29 06:42:24
1mbgzdy,Me tienen aburrido los progres,https://reddit.com/r/RepublicadeChile/comments/1mbgzdy/me_tienen_aburrido_los_progres/,n5qyr98,LucarioGameplays,Me importa una pichula¬†,1,2025-07-29 07:22:02
1mbgzdy,Me tienen aburrido los progres,https://reddit.com/r/RepublicadeChile/comments/1mbgzdy/me_tienen_aburrido_los_progres/,n5rv0fe,feedbackdospuntosv,"yo creo que si no tenes nada para aportar al debate y cuestionarles las cosas de manera saludable, bancatela porque lo que estan haciendo mas alla de si usan palabras invlusivas ono(que es algo menos importante), yo veo que quieren consientizar sobre las problematicas sociales que genera este sistema, y buscar una manera de organizarnos como sociedad para cambiar el sistema, al mismo tiempo que aprenden sobre la historia. 
si no tenes nada para aportar vas a seguir siendo un observador del sistema que se conforma con el sufrimiento y las muertes que genera el sistema capitalista.
aunque en mi pais los progresistas son otra cosa de la que no estoy a favor, pero si quieren saber que son en mi pais diganme y les cuento.",1,2025-07-29 12:18:05
1mbgzdy,Me tienen aburrido los progres,https://reddit.com/r/RepublicadeChile/comments/1mbgzdy/me_tienen_aburrido_los_progres/,n5sd2i7,ojo-sublime,Gramsci les renta muy bien a los Jaristas,1,2025-07-29 14:12:59
1mbgzdy,Me tienen aburrido los progres,https://reddit.com/r/RepublicadeChile/comments/1mbgzdy/me_tienen_aburrido_los_progres/,n5sjfbv,No-Safe-6368,Agradecido de haber estudiado ingenier√≠a y no tener que ver a esa manga de futuros fre√≠dores de papas con consciencia ascendida.,1,2025-07-29 14:47:21
1mbgzdy,Me tienen aburrido los progres,https://reddit.com/r/RepublicadeChile/comments/1mbgzdy/me_tienen_aburrido_los_progres/,n5va97u,Old-Sundae-170,Bueno es casi gracioso que este post saliera con el capitulo de south park XD,1,2025-07-29 22:31:18
1mbgzdy,Me tienen aburrido los progres,https://reddit.com/r/RepublicadeChile/comments/1mbgzdy/me_tienen_aburrido_los_progres/,n5wcsto,BroadAd9128,Cuando salgan de la uni madurar√°n,1,2025-07-30 02:00:04
1mbgzdy,Me tienen aburrido los progres,https://reddit.com/r/RepublicadeChile/comments/1mbgzdy/me_tienen_aburrido_los_progres/,n5wuwb3,Baltha1204,"Enfocate en estudiar compa, las universidades est√°n llenas de wnes que hacen esas weas, no los pesques yera, ma√±ana ser√°s sus jefes",1,2025-07-30 03:46:49
1mbgzdy,Me tienen aburrido los progres,https://reddit.com/r/RepublicadeChile/comments/1mbgzdy/me_tienen_aburrido_los_progres/,n5yoxyr,Mundane-Objective-77,Color,1,2025-07-30 12:56:14
1mbgzdy,Me tienen aburrido los progres,https://reddit.com/r/RepublicadeChile/comments/1mbgzdy/me_tienen_aburrido_los_progres/,n62iod9,SraZapatos,"Todo tiene su lado bueno, me gusta el amor por el medio ambiente y la justicia social progre, y me gusta lo cat√≥lico y pro vida de los fachos",1,2025-07-31 00:15:51
1mbgzdy,Me tienen aburrido los progres,https://reddit.com/r/RepublicadeChile/comments/1mbgzdy/me_tienen_aburrido_los_progres/,n63jcdz,ShoutOutToInRainbows,me tienen aburrido los progres: procede a redactar una caricatura de la realidad,1,2025-07-31 03:49:02
1mbgzdy,Me tienen aburrido los progres,https://reddit.com/r/RepublicadeChile/comments/1mbgzdy/me_tienen_aburrido_los_progres/,n63klxe,Interesting_Row8902,Imag√≠nate el ex pedag√≥gico CTM jsnsksk esta por ah√≠ con la chile,1,2025-07-31 03:56:57
1mbgzdy,Me tienen aburrido los progres,https://reddit.com/r/RepublicadeChile/comments/1mbgzdy/me_tienen_aburrido_los_progres/,n64ytua,ethelwulf13,La secta del PC es peor que la de los evang√©licos...,1,2025-07-31 10:59:08
1mbgzdy,Me tienen aburrido los progres,https://reddit.com/r/RepublicadeChile/comments/1mbgzdy/me_tienen_aburrido_los_progres/,n67q6ll,felipehez,"bueno, la u es una etapa para que uno descubra quien realmente es y parte de eso es probar cosas nuevas y relacionarse con gente diferente, a todos nos pueden molestar cosas de los dem√°s.

Varias de las cosas que mencionas tampoco me parecen exclusivas del mundo progre, en especial lo de negar dictaduras, la izquierda no es lo primero que se me viene a la mente con eso.

Yo tambien siento que la derecha (o la iglesia) siempre est√° tratando de decirme como vivir, que hacer con mi cuerpo o con quien me puedo casar",1,2025-07-31 19:48:58
1mbgzdy,Me tienen aburrido los progres,https://reddit.com/r/RepublicadeChile/comments/1mbgzdy/me_tienen_aburrido_los_progres/,n698rxj,Key-Annual7119,"te entiendo pero me parece que en verdad quieres unirte a ellos

o ellxs

chan!",1,2025-08-01 00:21:04
1mbgzdy,Me tienen aburrido los progres,https://reddit.com/r/RepublicadeChile/comments/1mbgzdy/me_tienen_aburrido_los_progres/,n69sahl,Alive-Ad7914,Como avanzar√≠a este pa√≠s si las universidades no estuvieran tlmadas por la izquierda.,1,2025-08-01 02:14:05
1mbgzdy,Me tienen aburrido los progres,https://reddit.com/r/RepublicadeChile/comments/1mbgzdy/me_tienen_aburrido_los_progres/,n6bcuey,taherrera,El Comunismo moderno es comparable a un credo religioso. Antes de la Uni√≥n Sovietica estaba al menos la duda de que si el socialismo funcionaba. Hoy es solo fanatismo impulsado principalmente por la envidia.,1,2025-08-01 09:22:29
1mbgzdy,Me tienen aburrido los progres,https://reddit.com/r/RepublicadeChile/comments/1mbgzdy/me_tienen_aburrido_los_progres/,n6c8sdw,michelodc,¬øPorque no toleran la intolerancia?,1,2025-08-01 13:36:48
1mbgzdy,Me tienen aburrido los progres,https://reddit.com/r/RepublicadeChile/comments/1mbgzdy/me_tienen_aburrido_los_progres/,n6drqs5,Asleep_Signature8447,"Te falta conocer a los fachos, la mayor√≠a son de piel oscura y a√∫n as√≠ se creen en el derecho de ser racistas üòÇ",1,2025-08-01 18:10:27
1mbgzdy,Me tienen aburrido los progres,https://reddit.com/r/RepublicadeChile/comments/1mbgzdy/me_tienen_aburrido_los_progres/,n5pccld,cyb3rrfunk,Cuando el TEA sale derechista:,1,2025-07-29 00:52:37
1mbgzdy,Me tienen aburrido los progres,https://reddit.com/r/RepublicadeChile/comments/1mbgzdy/me_tienen_aburrido_los_progres/,n5no90k,Green-Cucumber-2232,Exp√∫lsenlos a India,0,2025-07-28 19:49:58
1mbgzdy,Me tienen aburrido los progres,https://reddit.com/r/RepublicadeChile/comments/1mbgzdy/me_tienen_aburrido_los_progres/,n5ohgz2,Esomismo88,![gif](giphy|jNu1Eep9il83PN8nVV|downsized),1,2025-07-28 22:09:13
1mbgzdy,Me tienen aburrido los progres,https://reddit.com/r/RepublicadeChile/comments/1mbgzdy/me_tienen_aburrido_los_progres/,n5nu2gy,KermitzCL," solo quiere tener amigos‚Ä¶ pero de su bando y que piensen igual ati. 

Si andas mirando la pitchula te puede pegar en el ojo.

Evang√©licos, marihuaneros y el incel.",1,2025-07-28 20:18:03
1mbgzdy,Me tienen aburrido los progres,https://reddit.com/r/RepublicadeChile/comments/1mbgzdy/me_tienen_aburrido_los_progres/,n5tmpkh,Apart-Passenger5543,"que ricos tus problemas, que simples, ojala tener esos problemas",1,2025-07-29 17:54:08
1mbgzdy,Me tienen aburrido los progres,https://reddit.com/r/RepublicadeChile/comments/1mbgzdy/me_tienen_aburrido_los_progres/,n5nhd5e,DonPuduento,"Pobre abuelito. 

El abuelito:",-2,2025-07-28 19:17:13
1mbgzdy,Me tienen aburrido los progres,https://reddit.com/r/RepublicadeChile/comments/1mbgzdy/me_tienen_aburrido_los_progres/,n5ni2yx,Nearby_Abrocoma_9026,Llora,-2,2025-07-28 19:20:36
1mbgzdy,Me tienen aburrido los progres,https://reddit.com/r/RepublicadeChile/comments/1mbgzdy/me_tienen_aburrido_los_progres/,n5n0xp6,_undetected,Rel√°jate wn ; fuma yerba,-10,2025-07-28 18:02:24
1mbgzdy,Me tienen aburrido los progres,https://reddit.com/r/RepublicadeChile/comments/1mbgzdy/me_tienen_aburrido_los_progres/,n5n6zv0,sesshoalex,"Te metiste en la u mas comunista del pa√≠s?  ,hablando de serio es super com√∫n, debes verlo como aprendizaje el mundo es aun m√°s amplio, y sin necesidad de estar de acuerdo con ellos puedes simplemente contemplarlos ,la verdad es que directamente no te afectan en nada y si te afecta es por que en realidad no has hablado con nadie ,por que es t√≠pico que el amigo del amigo sea as√≠ y termines conoci√©ndolo, as√≠ es la universidad realmente y no como en american pie",-1,2025-07-28 18:29:48
1mbgzdy,Me tienen aburrido los progres,https://reddit.com/r/RepublicadeChile/comments/1mbgzdy/me_tienen_aburrido_los_progres/,n5n4afj,Adventurous_Style297,A mi lo √∫nico que me molesta que piensen que los progres son de izquierda.,-8,2025-07-28 18:17:36
1mbgzdy,Me tienen aburrido los progres,https://reddit.com/r/RepublicadeChile/comments/1mbgzdy/me_tienen_aburrido_los_progres/,n5z2v3a,Philoso_peum,Lo m√°s c√≥mico es que cuando joden el pa√≠s se van a vivir a un pa√≠s capitalista,0,2025-07-30 14:18:13
1mbgzdy,Me tienen aburrido los progres,https://reddit.com/r/RepublicadeChile/comments/1mbgzdy/me_tienen_aburrido_los_progres/,n5v8szv,ConejaCuriosa,Te pillamos poh compadre,6,2025-07-29 22:24:06
1mbgzdy,Me tienen aburrido los progres,https://reddit.com/r/RepublicadeChile/comments/1mbgzdy/me_tienen_aburrido_los_progres/,n5nr2cb,CommunityBrave822,"Te falta pasar por una Universidad tipo USACH, UCH, UTFSM, PUCV, suma y sigue",28,2025-07-28 20:03:30
1mbgzdy,Me tienen aburrido los progres,https://reddit.com/r/RepublicadeChile/comments/1mbgzdy/me_tienen_aburrido_los_progres/,n5o75nv,Medical_Astronaut_21,En el 2018 estaba con un amigo comiendo completos y una weona pelo te√±io nos empezo a dar jugo con lo del maltrato animal y demas weas.,17,2025-07-28 21:20:20
1mbgzdy,Me tienen aburrido los progres,https://reddit.com/r/RepublicadeChile/comments/1mbgzdy/me_tienen_aburrido_los_progres/,n5nl2gq,TheAnarkist700,"Puta yo si wn, es re penca porque por todo hacen show, es como caminar en un campo minado.",8,2025-07-28 19:34:49
1mbgzdy,Me tienen aburrido los progres,https://reddit.com/r/RepublicadeChile/comments/1mbgzdy/me_tienen_aburrido_los_progres/,n5sk7tg,No-Safe-6368,"Hace a√±os una vez me pill√© a un wn que tuve que dejar parado hablando solo por una discusi√≥n digna de Patricio Estrella y Mantaraya, iba algo as√≠:  
""En promedio el hombre es m√°s alto que la mujer""  
\- Pero eso es machista y blablabla, es socialmente visto as√≠ y blabla  
\-Anda al centro, toma la altura de los primeros 100 y las primeras 100 que caminen frente tuyo, haz un promedio, los hombres son m√°s altos?  
\-S√≠  
\-""Entonces los hombres en general son m√°s altos que las mujeres""  
\- Eso es machista, ya que las mujeres pueden ser m√°s altas que----",1,2025-07-29 14:51:26
1mbgzdy,Me tienen aburrido los progres,https://reddit.com/r/RepublicadeChile/comments/1mbgzdy/me_tienen_aburrido_los_progres/,n5oqy5p,Narrow_Stable_5888,"eso lamentablemente en uchile no lo saben hacer, lo digo por experiencia, tambi√©n vivi la terrible experiencia que comenta OP cuando estuve en la universidad, y lo peor es que te obligan a soportar el olor a la mariajuana, uno llegaba a la universidad y el olor te saltaba altiro.",31,2025-07-28 22:56:57
1mbgzdy,Me tienen aburrido los progres,https://reddit.com/r/RepublicadeChile/comments/1mbgzdy/me_tienen_aburrido_los_progres/,n5nrnpr,DraftEven,"Pero si el hombre est√° dando su opini√≥n, tal cual como los que ponian ‚Äúacab‚Äù ‚Äúpira√±a cul@ao‚Äù etc. Gente expresando su favor o malestar.",23,2025-07-28 20:06:25
1mbgzdy,Me tienen aburrido los progres,https://reddit.com/r/RepublicadeChile/comments/1mbgzdy/me_tienen_aburrido_los_progres/,n67zs1q,No_Examination9930,Liberal y se te olvida la libertad de expresion!,1,2025-07-31 20:35:17
1mbgzdy,Me tienen aburrido los progres,https://reddit.com/r/RepublicadeChile/comments/1mbgzdy/me_tienen_aburrido_los_progres/,n5o5q20,RealisticMine6962,¬°que saaaaaarpa conchetumare!,13,2025-07-28 21:13:35
1mbgzdy,Me tienen aburrido los progres,https://reddit.com/r/RepublicadeChile/comments/1mbgzdy/me_tienen_aburrido_los_progres/,n5odsoh,Own_Fill7310,B√°sicamente los progres pues ajjaja.,13,2025-07-28 21:51:23
1mbgzdy,Me tienen aburrido los progres,https://reddit.com/r/RepublicadeChile/comments/1mbgzdy/me_tienen_aburrido_los_progres/,n5o8xvq,Automatic-Gold-923,buena bro y cuando odias a los que tienen a venezuela o corea del norte o quiero decir todos los paises zurdos hay(ay) no odias parece compita,-25,2025-07-28 21:28:39
1mbgzdy,Me tienen aburrido los progres,https://reddit.com/r/RepublicadeChile/comments/1mbgzdy/me_tienen_aburrido_los_progres/,n5pb2wm,Witty_Worldliness501,ni√±ato,-2,2025-07-29 00:45:38
1mbgzdy,Me tienen aburrido los progres,https://reddit.com/r/RepublicadeChile/comments/1mbgzdy/me_tienen_aburrido_los_progres/,n5nj7z5,Automatic-Gold-923,Tambien toy cansao de los wnes q apoyan a rusia o iran que encima son zurdos osea pa ellos esta bien vivir en totalitarismo como en corea del norte pero estados unidos es malo trump hace pio y el otro wn bombardea viva Rusia gran pais v√°yanse a la xuxa encima votan por la jara osea estos wnes atornillan alreves brigido,-14,2025-07-28 19:26:01
1mbgzdy,Me tienen aburrido los progres,https://reddit.com/r/RepublicadeChile/comments/1mbgzdy/me_tienen_aburrido_los_progres/,n5o4460,PaySuccessful5557,Br√≠gido el retraso.,14,2025-07-28 21:06:02
1mbgzdy,Me tienen aburrido los progres,https://reddit.com/r/RepublicadeChile/comments/1mbgzdy/me_tienen_aburrido_los_progres/,n5orf3e,Narrow_Stable_5888,es real,3,2025-07-28 22:59:23
1mbgzdy,Me tienen aburrido los progres,https://reddit.com/r/RepublicadeChile/comments/1mbgzdy/me_tienen_aburrido_los_progres/,n5wps8i,zeroed_bytes,"por experiencia te digo, si hay en empresas... son como el cancer, parten en un lugar y de poco, pero seguro se expanden a otros lugares",0,2025-07-30 03:15:32
1mbgzdy,Me tienen aburrido los progres,https://reddit.com/r/RepublicadeChile/comments/1mbgzdy/me_tienen_aburrido_los_progres/,n5siblm,Chastrexx1,"Pobresito, le da amsiedad que escriban profesores/as una wea que hacen desde que estas en la basica por que  no afecta en nada y sirve para mencionar a las profesoras, terriblemente estupido tu comentario, aparte hablas de ideologias, dease cuando el progresismo no es una ideologia, pobres alumnos XD",3,2025-07-29 14:41:39
1mbgzdy,Me tienen aburrido los progres,https://reddit.com/r/RepublicadeChile/comments/1mbgzdy/me_tienen_aburrido_los_progres/,n5nrjup,Mathildapv,"Mono con tarro con piedras... Y lo peor, son los m√°s funekes",4,2025-07-28 20:05:55
1mbgzdy,Me tienen aburrido los progres,https://reddit.com/r/RepublicadeChile/comments/1mbgzdy/me_tienen_aburrido_los_progres/,n5n61d6,Mr-cacahead,"gustos raros tiene usted oiga

![gif](giphy|ZZZcmyb14Ls7UQVqx0)",19,2025-07-28 18:25:29
1mbgzdy,Me tienen aburrido los progres,https://reddit.com/r/RepublicadeChile/comments/1mbgzdy/me_tienen_aburrido_los_progres/,n5oeugq,Own_Fill7310,"Yo respeto a los wns de izquierda que son de verdad y la tienen la clara en sus ideas, hasta ellos son antiprogre, los progres son lo peor,¬† juegan a la pol√≠tica callejera hasta que les pasa algo y la familia llorando porque al Jos√© Patricio le sacaron la xuxa porque se pico a choro¬†",4,2025-07-28 21:56:20
1mbgzdy,Me tienen aburrido los progres,https://reddit.com/r/RepublicadeChile/comments/1mbgzdy/me_tienen_aburrido_los_progres/,n5p9kxm,Dragonfan0,"Son lo mismo. √ëu√±oino es como los chilenos le dicen a los progres en Chile

Igual normal lo que cont√≥. Piensa que hay feministas que riegan sus plantas con sangre de menstruaci√≥n",1,2025-07-29 00:37:32
1mbgzdy,Me tienen aburrido los progres,https://reddit.com/r/RepublicadeChile/comments/1mbgzdy/me_tienen_aburrido_los_progres/,n5rh7w6,Voldok,Pues no es sorpresa que hay furros con cargos a nivel gubernamental... es ahi donde hay flujo de riquezas,1,2025-07-29 10:18:25
1mbgzdy,Me tienen aburrido los progres,https://reddit.com/r/RepublicadeChile/comments/1mbgzdy/me_tienen_aburrido_los_progres/,n5p8nbo,Dragonfan0,"Es la versi√≥n b√°sica. Son peores generalmente 

Pero am√©n con lo √∫ltimo",3,2025-07-29 00:32:25
1mbgzdy,Me tienen aburrido los progres,https://reddit.com/r/RepublicadeChile/comments/1mbgzdy/me_tienen_aburrido_los_progres/,n5rerzf,Voldok,"Pues si, es una lucha de poder constante, mas si criticas el post-estructurslismo y el idealismo linguistico, y no es primera vez que hechan a gritos y patadas a los que debaten en universidades gringas.",2,2025-07-29 09:54:34
1mbgzdy,Me tienen aburrido los progres,https://reddit.com/r/RepublicadeChile/comments/1mbgzdy/me_tienen_aburrido_los_progres/,n5nrekc,CommunityBrave822,¬øalegar por ruidos molesto es culpa del que alega?,4,2025-07-28 20:05:10
1mbgzdy,Me tienen aburrido los progres,https://reddit.com/r/RepublicadeChile/comments/1mbgzdy/me_tienen_aburrido_los_progres/,n5nyh1y,Existing_Swordfish_5,jaja le√≥n jajaja,4,2025-07-28 20:39:12
1mbgzdy,Me tienen aburrido los progres,https://reddit.com/r/RepublicadeChile/comments/1mbgzdy/me_tienen_aburrido_los_progres/,n5quj3p,Perfect-Mind5492,No soy tu compa√±ero.,2,2025-07-29 06:44:09
1mbgzdy,Me tienen aburrido los progres,https://reddit.com/r/RepublicadeChile/comments/1mbgzdy/me_tienen_aburrido_los_progres/,n5np0tu,OriginalSafety3783,A Cucumber hay que expulsarlo de Reddit,8,2025-07-28 19:53:39
1mbgzdy,Me tienen aburrido los progres,https://reddit.com/r/RepublicadeChile/comments/1mbgzdy/me_tienen_aburrido_los_progres/,n5o047h,After_Oven_1812,Con que argumento legal? ü§î,1,2025-07-28 20:47:03
1mbgzdy,Me tienen aburrido los progres,https://reddit.com/r/RepublicadeChile/comments/1mbgzdy/me_tienen_aburrido_los_progres/,n5n2mg4,AlphaSierra0,"Wn comprate una flaca, fuma marihuana, metete consoladores en el orto para desconstruirte y seras feliz",16,2025-07-28 18:10:02
1mbgzdy,Me tienen aburrido los progres,https://reddit.com/r/RepublicadeChile/comments/1mbgzdy/me_tienen_aburrido_los_progres/,n5qv116,Perfect-Mind5492,"Pa quedar aweonao y esquizofr√©nico? No gracias, a lo mejor por eso andan haciendo escandalo en las u.",1,2025-07-29 06:48:34
1mbgzdy,Me tienen aburrido los progres,https://reddit.com/r/RepublicadeChile/comments/1mbgzdy/me_tienen_aburrido_los_progres/,n5pqlxl,Enlenor_98,"He estado en la pucv y la usm y puedo decir que lejos, la pucv es much√≠simo m√°s progre",11,2025-07-29 02:14:03
1mbgzdy,Me tienen aburrido los progres,https://reddit.com/r/RepublicadeChile/comments/1mbgzdy/me_tienen_aburrido_los_progres/,n5q7n18,Sinejo,"la usm po wn ajaja, todav√≠a vas al liceo o que?",10,2025-07-29 03:55:01
1mbgzdy,Me tienen aburrido los progres,https://reddit.com/r/RepublicadeChile/comments/1mbgzdy/me_tienen_aburrido_los_progres/,n5vtf87,_sunstrider,"Wow que experiencia mas enriquecedora, mientras ustedes seguian comiendo supongo.",3,2025-07-30 00:11:27
1mbgzdy,Me tienen aburrido los progres,https://reddit.com/r/RepublicadeChile/comments/1mbgzdy/me_tienen_aburrido_los_progres/,n5sj8h6,No-Safe-6368,"El mayor problema de los acabsitos y los revolucionarios acuenta es que tienen toda la ciudad rayada entre esos tags qlos feos, o papeles qlos amarillos con mensajes pseudo pueuloh.",4,2025-07-29 14:46:22
1mbgzdy,Me tienen aburrido los progres,https://reddit.com/r/RepublicadeChile/comments/1mbgzdy/me_tienen_aburrido_los_progres/,n5phnmp,Repulsive_Unit_7025,Soy flaaaaite y la conchetumaaaare!!,7,2025-07-29 01:22:45
1mbgzdy,Me tienen aburrido los progres,https://reddit.com/r/RepublicadeChile/comments/1mbgzdy/me_tienen_aburrido_los_progres/,n5rcagx,Voldok,"El progre no odia a los que piensan distinto a ellos, les tienen lastima de que no puedan reeducar a los que quieran.",3,2025-07-29 09:30:15
1mbgzdy,Me tienen aburrido los progres,https://reddit.com/r/RepublicadeChile/comments/1mbgzdy/me_tienen_aburrido_los_progres/,n5ofbp7,panquesito_22,"ah√≠*, aprende a escribir y despu√©s opinas",26,2025-07-28 21:58:38
1mbgzdy,Me tienen aburrido los progres,https://reddit.com/r/RepublicadeChile/comments/1mbgzdy/me_tienen_aburrido_los_progres/,n5nt87g,LateWinner4772,"Mi ni√±ito salga a tocar pasto, t√≥mese una micheladita, j√∫ntese con los amigos, tire la talla, disfrute el d√≠a",37,2025-07-28 20:14:01
1mbgzdy,Me tienen aburrido los progres,https://reddit.com/r/RepublicadeChile/comments/1mbgzdy/me_tienen_aburrido_los_progres/,n5nla53,Constant_Negative,"Papito, literal te molesta vivir en sociedad, gente de derecha e izquierda apoya dictaduras de su espectro pol√≠tico, gente de derecha e izquierda apoyan cosas con las que no estan de acuerdo... solo odias al igual que TODOS, a aquellos que no estan de acuerdo contigo, independiente del espectro pol√≠tico...",13,2025-07-28 19:35:50
1mbgzdy,Me tienen aburrido los progres,https://reddit.com/r/RepublicadeChile/comments/1mbgzdy/me_tienen_aburrido_los_progres/,n5t2lo8,MortgageAgitated,"Veo que lamentablemente te cost√≥ mucho entender el punto. No me da ansiedad leer profesores/as, sino, creo que es un obst√°culo para la correcta lectura el encontrarse cada 3-5 palabras para una aclaraci√≥n de g√©nero que por siglos hemos asumido al leer el los/os. Tambi√©n se nota que tampoco entiendes a que voy con ideolog√≠a, el hecho de que en textos acad√©micos se escriba los/as profesoras/es (que ojo, son ejemplos, por si acaso). Proviene de la ideolog√≠a LGTB que plantea que el t√©rmino usar art√≠culos masculinos para referirnos a una totalidad de personas no es inclusivo para personas que no se identifican con el g√©nero masculino. As√≠ que s√≠ es una ideolog√≠a, y si te das un poco de tiempo, el progresismo es una ideolog√≠a desde la √©poca en que surge la Ilustaci√≥n en el siglo 18, sobre todo si se usa para justificar creencias que ""ayudar√≠an"" al desarrollo humano o social.

Y pienso que es s√∫per pobre mentalemente de tu parte cuestionar mi rol de profe por dar mi opini√≥n, mi opini√≥n no hace las clases",3,2025-07-29 16:20:31
1mbgzdy,Me tienen aburrido los progres,https://reddit.com/r/RepublicadeChile/comments/1mbgzdy/me_tienen_aburrido_los_progres/,n5n6s0j,AngeloAtreyu,"Hay gente q le gusta la derecha, qu√© te puedo decir...",-7,2025-07-28 18:28:49
1mbgzdy,Me tienen aburrido los progres,https://reddit.com/r/RepublicadeChile/comments/1mbgzdy/me_tienen_aburrido_los_progres/,n5ntbe2,monkeyDantifa,"Ya pero su queja es puramente pol√≠tica, contaminacion visual  por afiches en una universidad XD. Siento que el tipo tiene 0 tolerancia a que los dem√°s opinen distinto.",7,2025-07-28 20:14:27
1mbgzdy,Me tienen aburrido los progres,https://reddit.com/r/RepublicadeChile/comments/1mbgzdy/me_tienen_aburrido_los_progres/,n5npcgd,Green-Cucumber-2232,Lleg√≥ el progre que no sale de su burbuja supuestamente ‚Äúuniversitaria‚Äù que de universalidad de opiniones no tiene nada,-1,2025-07-28 19:55:10
1mbgzdy,Me tienen aburrido los progres,https://reddit.com/r/RepublicadeChile/comments/1mbgzdy/me_tienen_aburrido_los_progres/,n5o0xgk,Green-Cucumber-2232,Programa cultural,-2,2025-07-28 20:50:56
1mbgzdy,Me tienen aburrido los progres,https://reddit.com/r/RepublicadeChile/comments/1mbgzdy/me_tienen_aburrido_los_progres/,n5nb54g,Bitter_Unit_5707,Lo del orto con auspicio de Jaime Guzm√°n xD,0,2025-07-28 18:48:36
1mbgzdy,Me tienen aburrido los progres,https://reddit.com/r/RepublicadeChile/comments/1mbgzdy/me_tienen_aburrido_los_progres/,n5nzoqo,After_Oven_1812,"Si lo miras de cierta forma, Diosito aprueba ese mensaje. Por algo dise√±o el punto g masculino ahi, cierto?

Edit: diosito tambi√©n creo la mariguana",1,2025-07-28 20:45:00
1mbgzdy,Me tienen aburrido los progres,https://reddit.com/r/RepublicadeChile/comments/1mbgzdy/me_tienen_aburrido_los_progres/,n6epcnv,butcher_wutcher,"Claro, la marihuana causa esquizofrenia... Mi amigo el 100tifico",1,2025-08-01 20:52:57
1mbgzdy,Me tienen aburrido los progres,https://reddit.com/r/RepublicadeChile/comments/1mbgzdy/me_tienen_aburrido_los_progres/,n5xckm4,EntireEffective9651,"En especial la sede de industrias creativas, csm que rabia wn",2,2025-07-30 05:50:34
1mbgzdy,Me tienen aburrido los progres,https://reddit.com/r/RepublicadeChile/comments/1mbgzdy/me_tienen_aburrido_los_progres/,n60wvbr,CommunityBrave822,De acuerdo. Tampoco era una competencia jaja,1,2025-07-30 19:32:16
1mbgzdy,Me tienen aburrido los progres,https://reddit.com/r/RepublicadeChile/comments/1mbgzdy/me_tienen_aburrido_los_progres/,n60wlj0,CommunityBrave822,"No, estudi√© en esa Universidad. Vi los paros y asambleas siendo alumno. T√∫?",1,2025-07-30 19:31:00
1mbgzdy,Me tienen aburrido los progres,https://reddit.com/r/RepublicadeChile/comments/1mbgzdy/me_tienen_aburrido_los_progres/,n5pxsk5,LongFromHell89,¬°Que sarpa conchetumare!,2,2025-07-29 02:55:41
1mbgzdy,Me tienen aburrido los progres,https://reddit.com/r/RepublicadeChile/comments/1mbgzdy/me_tienen_aburrido_los_progres/,n5sfgj4,DiplomaticTiger,Lo que esencialmente es lo mismo: no me gusta los que piensan diferentes a mi.,2,2025-07-29 14:26:09
1mbgzdy,Me tienen aburrido los progres,https://reddit.com/r/RepublicadeChile/comments/1mbgzdy/me_tienen_aburrido_los_progres/,n5wpfv6,zeroed_bytes,"que lastima, si han pasado frente a mi casa cantando ""chicos qls, los vamos a mat4r y las vamos a v\*\*lar"" .. no tienen lastima, eso es odio",1,2025-07-30 03:13:29
1mbgzdy,Me tienen aburrido los progres,https://reddit.com/r/RepublicadeChile/comments/1mbgzdy/me_tienen_aburrido_los_progres/,n5ooy5y,Automatic-Gold-923,aprende a pensar y de historia compita mejor y despues opina,-21,2025-07-28 22:46:43
1mbgzdy,Me tienen aburrido los progres,https://reddit.com/r/RepublicadeChile/comments/1mbgzdy/me_tienen_aburrido_los_progres/,n5o5n9h,Automatic-Gold-923,?? mi amigo el pendiente de la validacion social ajsdaj que manera de escribir y no decir nada PD : Cuidao que se defienden con downvote que con eso creen tener razon WUAJAJAJAJAJAJ AJSJDA LOS ILUMINADOS,-19,2025-07-28 21:13:13
1mbgzdy,Me tienen aburrido los progres,https://reddit.com/r/RepublicadeChile/comments/1mbgzdy/me_tienen_aburrido_los_progres/,n5np9tu,hungaddicted,"jajajaja pero anda a decir algo m√≠nimamente neutro o semi positivo sobre la dictadura de pin8, ah√≠ ya no es ""papito te molesta vivir en sociedad"" ah√≠ es ""mu√©rete facho ql""",-5,2025-07-28 19:54:49
1mbgzdy,Me tienen aburrido los progres,https://reddit.com/r/RepublicadeChile/comments/1mbgzdy/me_tienen_aburrido_los_progres/,n698b1e,Sad-Perception-2048,Que es la ideolog√≠a LGBT???,1,2025-08-01 00:18:28
1mbgzdy,Me tienen aburrido los progres,https://reddit.com/r/RepublicadeChile/comments/1mbgzdy/me_tienen_aburrido_los_progres/,n5vx1j7,D43-Dalus,"las circulares que me enviaban en la b√°sica tenian las/os, l@s, los(as). 
no s√© t√∫, pero en ese tiempo no me costaba leer as√≠ y ahora menos jajaj eskil ishu",-1,2025-07-30 00:30:57
1mbgzdy,Me tienen aburrido los progres,https://reddit.com/r/RepublicadeChile/comments/1mbgzdy/me_tienen_aburrido_los_progres/,n5o7xqj,Automatic-Gold-923,mi compa que valida el lenguaje inclusivo y cree que maduro es democratico y encima quiere votar por jara u-u bacan ser progre,5,2025-07-28 21:23:59
1mbgzdy,Me tienen aburrido los progres,https://reddit.com/r/RepublicadeChile/comments/1mbgzdy/me_tienen_aburrido_los_progres/,n5ns9c6,evitableTicket,No se ve plasmada esa universalidad de opiniones en las encuestas de 2 opciones,5,2025-07-28 20:09:20
1mbgzdy,Me tienen aburrido los progres,https://reddit.com/r/RepublicadeChile/comments/1mbgzdy/me_tienen_aburrido_los_progres/,n5nsbbk,OriginalSafety3783,"Cucumber, hace rato termin√© la Universidad y hoy trabajo. Todo mientras t√∫ te educas por YouTube,  te mantienen tus padres y pasas todo el d√≠a siendo humillado en Reddit",4,2025-07-28 20:09:36
1mbgzdy,Me tienen aburrido los progres,https://reddit.com/r/RepublicadeChile/comments/1mbgzdy/me_tienen_aburrido_los_progres/,n5nu4ly,Castor_Metalico,Si ya todos saben que eres aweonao manito.,3,2025-07-28 20:18:20
1mbgzdy,Me tienen aburrido los progres,https://reddit.com/r/RepublicadeChile/comments/1mbgzdy/me_tienen_aburrido_los_progres/,n5o1crm,After_Oven_1812,Porq a India?,1,2025-07-28 20:52:55
1mbgzdy,Me tienen aburrido los progres,https://reddit.com/r/RepublicadeChile/comments/1mbgzdy/me_tienen_aburrido_los_progres/,n5nrztz,Ark_Tetsu,"Nah, del boric",2,2025-07-28 20:08:04
1mbgzdy,Me tienen aburrido los progres,https://reddit.com/r/RepublicadeChile/comments/1mbgzdy/me_tienen_aburrido_los_progres/,n61ysq9,Sinejo,"Entonces sabes que el sansano es mas amarillo que la cresta, para que mientes?",2,2025-07-30 22:31:52
1mbgzdy,Me tienen aburrido los progres,https://reddit.com/r/RepublicadeChile/comments/1mbgzdy/me_tienen_aburrido_los_progres/,n5sgids,Voldok,"Si pero esa arrogancia que lo hacen, hace que me quede con la mierda caliente, es en el ""estilo"".",2,2025-07-29 14:31:51
1mbgzdy,Me tienen aburrido los progres,https://reddit.com/r/RepublicadeChile/comments/1mbgzdy/me_tienen_aburrido_los_progres/,n676upr,Unlucky-Comfort7932,pero como van a ser buenos si dos personas por afuera de mi casa gritaron cosas feas? pucha oh pooo,1,2025-07-31 18:19:52
1mbgzdy,Me tienen aburrido los progres,https://reddit.com/r/RepublicadeChile/comments/1mbgzdy/me_tienen_aburrido_los_progres/,n5osdvg,panquesito_22,"Hist√≥ricamente el progresismo ha logrado avances sociales y pol√≠ticos invaluables. Voto femenino, derechos del trabajador, acceso universal a la educaci√≥n, solo por mencionar algunos hitos esenciales. Si vas a usar la palabra ""progresismo"" solo para referirte a los movimientos surgidos en las √∫ltimas d√©cadas, entonces no te jactes de saber de historia",14,2025-07-28 23:04:30
1mbgzdy,Me tienen aburrido los progres,https://reddit.com/r/RepublicadeChile/comments/1mbgzdy/me_tienen_aburrido_los_progres/,n5oacxh,LateWinner4772,Siento que te est√° dando un acv,25,2025-07-28 21:35:19
1mbgzdy,Me tienen aburrido los progres,https://reddit.com/r/RepublicadeChile/comments/1mbgzdy/me_tienen_aburrido_los_progres/,n5nuw0o,Repulsive_Unit_7025,Te gusta la pastita rica? o que te roben 16 mil millones de pesos de tu propio estado? no entiendo,11,2025-07-28 20:21:59
1mbgzdy,Me tienen aburrido los progres,https://reddit.com/r/RepublicadeChile/comments/1mbgzdy/me_tienen_aburrido_los_progres/,n5onvlk,Constant_Negative,Qu√© es algo neutro de una dictadura ? Mezclando peras con pasta base...,6,2025-07-28 22:41:17
1mbgzdy,Me tienen aburrido los progres,https://reddit.com/r/RepublicadeChile/comments/1mbgzdy/me_tienen_aburrido_los_progres/,n5nsost,HAMSTERDAM567,Almenos los trenes llegaban a tiempo con Mussolini vibes,1,2025-07-28 20:11:26
1mbgzdy,Me tienen aburrido los progres,https://reddit.com/r/RepublicadeChile/comments/1mbgzdy/me_tienen_aburrido_los_progres/,n5w29i0,MortgageAgitated,"jdjdkd porque les cuesta tanto entender que no hablo de casos aislados de textos cortos sino de textos que son como libros, has visto ese video de 31 minutos donde Tulio trivi√±o empieza hablar as√≠? onda amigos y amigas, blabla ellos y ellas, nosotros y nosotras, la mesa y el meso, y como que desvariando se va a la chucha, a eso me refiero, ese tipo de textos debo leer en el trabajo",3,2025-07-30 00:59:39
1mbgzdy,Me tienen aburrido los progres,https://reddit.com/r/RepublicadeChile/comments/1mbgzdy/me_tienen_aburrido_los_progres/,n5og1ei,panquesito_22,en que momento dijo esa wea,4,2025-07-28 22:02:11
1mbgzdy,Me tienen aburrido los progres,https://reddit.com/r/RepublicadeChile/comments/1mbgzdy/me_tienen_aburrido_los_progres/,n5o20no,Green-Cucumber-2232,Aprender ingl√©s y ver la realidad que vive la gran parte del mundo a quienes no les importan sus pronombres,3,2025-07-28 20:56:04
1mbgzdy,Me tienen aburrido los progres,https://reddit.com/r/RepublicadeChile/comments/1mbgzdy/me_tienen_aburrido_los_progres/,n67rcq8,zeroed_bytes,"esperaba un comentario como este, y no eran 2 personas, era de esas marchas de ciclista que obligaban a cerrar toda la avenida, que demoraban varios minutos en pasar ... No espero que tu lo entiendas, pero para los otros que puedan leer esto, imaginen estar en tu casa, con la calle completamente llena de ciclistas gritando sobre los cr√≠menes que quieren cometer ... Como le explicas eso a las personas de tu casa, que har√≠as si pasan de solo cantar a acciones concretas.

Para ti Unlucky debe ser algo como, imagina que un convoy militar o de carabineros pasa por enfrente de tu casa y gritan cantando que los llevaran al estadio nacional",1,2025-07-31 19:54:23
1mbgzdy,Me tienen aburrido los progres,https://reddit.com/r/RepublicadeChile/comments/1mbgzdy/me_tienen_aburrido_los_progres/,n5p3u9e,Automatic-Gold-923,buena y la historia del marxismo y del comunismo te la saltaste ?,-7,2025-07-29 00:06:21
1mbgzdy,Me tienen aburrido los progres,https://reddit.com/r/RepublicadeChile/comments/1mbgzdy/me_tienen_aburrido_los_progres/,n5p65as,Automatic-Gold-923,si con votes no tienes la razon compa y los 7 que le dan click a tu wea tampoc compita   use la cabeza opiniones de weon y ma encima te apoyan por eso seguimos pal pico como pais,-7,2025-07-29 00:18:53
1mbgzdy,Me tienen aburrido los progres,https://reddit.com/r/RepublicadeChile/comments/1mbgzdy/me_tienen_aburrido_los_progres/,n5nv0vw,hungaddicted,"solo estoy comentando sobre la hipocres√≠a de los jaralovers, no me interesa defender ni justificar a pin8, que hundi√≥ el pa√≠s en inflaci√≥n y narcotr√°fico y le cost√≥ casi dos d√©cadas, con ayuda ferrea de Estados Unidos, sacar al pa√≠s ""adelante"".   B√°sicamente si nos salv√≥ del socialismo,  ideolog√≠a naturalmente destructiva, pero tambi√©n nos cost√≥ 20 a√±os y vidas humanas. Pero todo es blanco y negro con ustedes, q pajitaa",2,2025-07-28 20:22:38
1mbgzdy,Me tienen aburrido los progres,https://reddit.com/r/RepublicadeChile/comments/1mbgzdy/me_tienen_aburrido_los_progres/,n5wa4w7,D43-Dalus,"personalmente no me refer√≠a a la extensi√≥n del texto, sino a la simplicidad del contenido XD c√≥mo te va a tomar una cantidad adicional de tiempo asimilar eso, sobre todo s√≠ es lo q est√°s acostumbrado en la pega? te creo q a la persona q redacte le tome tiempo atenerse a esos caldos de cabeza, pero a quien lee? eskil ishu",0,2025-07-30 01:44:54
1mbgzdy,Me tienen aburrido los progres,https://reddit.com/r/RepublicadeChile/comments/1mbgzdy/me_tienen_aburrido_los_progres/,n5oou72,Automatic-Gold-923,ta defendiendo el progrerio po compa usted tambien es progre ? entonces callaito,3,2025-07-28 22:46:09
1mbgzdy,Me tienen aburrido los progres,https://reddit.com/r/RepublicadeChile/comments/1mbgzdy/me_tienen_aburrido_los_progres/,n5o2r70,After_Oven_1812,Pero para que tan lejos? Si en estados unidos se puede hacer lo mismo,1,2025-07-28 20:59:35
1mbgzdy,Me tienen aburrido los progres,https://reddit.com/r/RepublicadeChile/comments/1mbgzdy/me_tienen_aburrido_los_progres/,n5p86qt,panquesito_22,"Vale, partamos de la base de que el marxismo es solo la filosof√≠a detr√°s del comunismo, es decir, es una base te√≥rica sobre la cual se cimenta el comunismo, no una ideolog√≠a pol√≠tica aplicable per s√©.

El comunismo es una IDEOLOG√çA REVOLUCIONARIA y radical que busca abolir la propiedad privada, acabar con las clases sociales y, como finalidad √∫ltima, reemplazar el Estado por una sociedad igualitaria sin jerarqu√≠as. El progresismo es una CORRIENTE POL√çTICA REFORMISTA que busca ampliar los derechos civiles y reducir las desigualdades, es decir, el progresismo COEXISTE con el Estado y trabaja en mejorarlo desde dentro.

Mientras que el comunismo busca deshacer el Estado, el progresismo lo defiende, ya que busca que el Estado sea quien garantiza los derechos de la poblaci√≥n y la equidad (es decir, tiene un enfoque mucho menos ut√≥pico).

El comunismo hist√≥ricamente  ha buscado la ruptura del orden establecido para establecer el propio, mientras que el progresismo en esencia promueve el di√°logo, el pluralismo pol√≠tico y la democracia.

Ambos buscan una sociedad m√°s justa, critican al capitalismo y se encuentran dentro del espectro de la izquierda pol√≠tica, mas compararlos y se√±alarlos dentro del mismo todo ser√≠a el equivalente a decir que la derecha democr√°tica es lo mismo que el nazismo.

As√≠ o m√°s claro?",17,2025-07-29 00:29:54
1mbgzdy,Me tienen aburrido los progres,https://reddit.com/r/RepublicadeChile/comments/1mbgzdy/me_tienen_aburrido_los_progres/,n5pd2m1,LateWinner4772,"Por supuesto, por los up y downvotes el pa√≠s est√° como est√° üòî",10,2025-07-29 00:56:37
1mbgzdy,Me tienen aburrido los progres,https://reddit.com/r/RepublicadeChile/comments/1mbgzdy/me_tienen_aburrido_los_progres/,n5shmgw,Chastrexx1,"Hermano, si pones al mismo nivel defender a pinochet que mato a miles de compatriotas y desfalco al estado chileno por mas de 16 a√±os con alguna dictadura extranjera el problema eres tu, por que obviamente que es mas grave una dictadura que pcurrio en tu paos y que aun a dia de hoy estamos viendo las consecuencias de esta, seria lo mismo que te diga que criticas venezuela peeo defiendes a estos traficantes ladrones y asesinos",1,2025-07-29 14:37:57
1mbgzdy,Me tienen aburrido los progres,https://reddit.com/r/RepublicadeChile/comments/1mbgzdy/me_tienen_aburrido_los_progres/,n5or3q8,panquesito_22,"""loh progreh loh progreh"", qu√© manera de llenarse el hocico hablando weas, el otro comentario ni siquiera estaba defendiendo al progresismo, solo critic√≥ lo intolerante que es OP y te sentiste identificado porque eres la misma mierda",6,2025-07-28 22:57:45
1mbgzdy,Me tienen aburrido los progres,https://reddit.com/r/RepublicadeChile/comments/1mbgzdy/me_tienen_aburrido_los_progres/,n5o6w7p,Green-Cucumber-2232,EEUU no esta cerca de ser representativo de como vive la mayor√≠a de la poblaci√≥n del mundo,2,2025-07-28 21:19:07
1mbgzdy,Me tienen aburrido los progres,https://reddit.com/r/RepublicadeChile/comments/1mbgzdy/me_tienen_aburrido_los_progres/,n5q856a,Automatic-Gold-923,mucho texto pa decir nada no opinaste nada sobre la urss y como siguen hasta el dia de hoy dejando la caga las izquierdas en el mundo puro bla bla bla y si compa el capitalismo es mejor esta comentando atraves de una empresa imperialista opresora jaajs,-4,2025-07-29 03:58:14
1mbgzdy,Me tienen aburrido los progres,https://reddit.com/r/RepublicadeChile/comments/1mbgzdy/me_tienen_aburrido_los_progres/,n5pm313,milo-2112,Win,6,2025-07-29 01:48:15
1mbgzdy,Me tienen aburrido los progres,https://reddit.com/r/RepublicadeChile/comments/1mbgzdy/me_tienen_aburrido_los_progres/,n5osplz,monkeyDantifa,"Ta brigido El tolhueno. De verdad lo imagino con espuma en la boca escribiendo contrast ""loh progre""",5,2025-07-28 23:06:13
1mbgzdy,Me tienen aburrido los progres,https://reddit.com/r/RepublicadeChile/comments/1mbgzdy/me_tienen_aburrido_los_progres/,n5p3lbs,Automatic-Gold-923,pt q lo defiende manito acaso usteded es progre ??,2,2025-07-29 00:05:00
1mbgzdy,Me tienen aburrido los progres,https://reddit.com/r/RepublicadeChile/comments/1mbgzdy/me_tienen_aburrido_los_progres/,n5o7xh1,After_Oven_1812,"Pero all√° tambien hay gente a la que no le importan tus pronombres y al ser de lengua inglesa de forma nativa es mas apropiado para la familiarizacion con el idioma.

Muy malo su programa cultural sr pepino, ya que ademas no responde una pregunta importante, porq xuxa India querr√≠a aceptarte en su pa√≠s?",1,2025-07-28 21:23:57
1mbgzdy,Me tienen aburrido los progres,https://reddit.com/r/RepublicadeChile/comments/1mbgzdy/me_tienen_aburrido_los_progres/,n5q99sw,panquesito_22,"t√∫ lo dijiste: no opin√© nada, habl√© con hechos.",4,2025-07-29 04:05:29
1mbgzdy,Me tienen aburrido los progres,https://reddit.com/r/RepublicadeChile/comments/1mbgzdy/me_tienen_aburrido_los_progres/,n5xhqlt,Minute-Bee5597,"Pero mongolo re culiao, el comunismo y el progresismo no son lo mismo. No se por que sigues con la cantinela de twitter. Aprende a escribir y leer mejor.",2,2025-07-30 06:33:29
1mbgzdy,Me tienen aburrido los progres,https://reddit.com/r/RepublicadeChile/comments/1mbgzdy/me_tienen_aburrido_los_progres/,n5ouo5g,panquesito_22,falga poco pa que se pesque a combos con la pantalla del pc,2,2025-07-28 23:16:34
1mbgzdy,Me tienen aburrido los progres,https://reddit.com/r/RepublicadeChile/comments/1mbgzdy/me_tienen_aburrido_los_progres/,n5oygo9,Green-Cucumber-2232,"En estados unidos literalmente inventaron los pronombres para todo nosotros s√≥lo los estamos copiando.

Dinero.

Reciben estudiantes por un tiempo nosotros recibimos individuos m√°s serios y al tanto de la realidad mundial.",0,2025-07-28 23:37:04
1mbgzdy,Me tienen aburrido los progres,https://reddit.com/r/RepublicadeChile/comments/1mbgzdy/me_tienen_aburrido_los_progres/,n5qqd06,Automatic-Gold-923,si won si el comunismo es bacan un ejemplo,-5,2025-07-29 06:08:56
1mbgzdy,Me tienen aburrido los progres,https://reddit.com/r/RepublicadeChile/comments/1mbgzdy/me_tienen_aburrido_los_progres/,n5pwnh1,AffectionateFox3974,"Noo dijiste PC üò±, le va a dar un ACV",4,2025-07-29 02:49:07
1mbgzdy,Me tienen aburrido los progres,https://reddit.com/r/RepublicadeChile/comments/1mbgzdy/me_tienen_aburrido_los_progres/,n5p176j,After_Oven_1812,"Los pronombres son una parte esencial del lenguaje, todos los lenguajes los tienen y en algunos es usado para hacer referencia al g√©nero del sujeto en una oraci√≥n. No, no fueron inventados en Estados Unidos.

Esa palabra dinero a que hace referencia? Xd 

No se hermanito, alguien que diga eso de que los ""pronombres los inventaron en Estados unidos"" me da indicio de que usted no es muy ad-ok para discernir entre individuos serios y/o realidad mundial :(",0,2025-07-28 23:51:59
