id,title,score,author,num_comments,created,selftext,permalink
1mhlsz1,"Parisi pasa a tercer lugar en Polymarket, Aunque el l√≠der absoluto que sube y sube es Kast.",26,SituationNew7609,13,2025-08-04 19:38:37,"La apuesta es sobre qui√©n ser√° electo en primer o en segunda vuelta, esos no tiene importancia para los fines de la apuesta, aunque a√∫n tiene muy poco volumen.",https://reddit.com/r/RepublicadeChile/comments/1mhlsz1/parisi_pasa_a_tercer_lugar_en_polymarket_aunque/
1mhflmr,"Se repetir√° lo de la elecci√≥n pasada, donde Parisi le quita votos a la izquierda, pero en 2da vuelta se le vayan a la izquierda nuevamente?",2,Maztinyer,30,2025-08-04 15:52:59,,https://reddit.com/r/RepublicadeChile/comments/1mhflmr/se_repetir√°_lo_de_la_elecci√≥n_pasada_donde_parisi/
1mhfjh2,Por qu√© Parisi?,0,FairManufacturer2507,30,2025-08-04 15:50:44,"Hoy le√≠a que tiene 10% en cadem, m√°s que matthei incluso. Por qu√© es buen candidato para el 10% de los chilenos? Qu√© aporta?

",https://reddit.com/r/RepublicadeChile/comments/1mhfjh2/por_qu√©_parisi/
1mgwixn,Cachen el medio consejo de inversi√≥n que se mand√≥ Parisi en la franja de 2013!!!,69,SituationNew7609,58,2025-08-03 23:27:16,,https://reddit.com/r/RepublicadeChile/comments/1mgwixn/cachen_el_medio_consejo_de_inversi√≥n_que_se_mand√≥/
1mg5yr7,La uni√≥n DC-Jara termin√≥ perjudicando a Jara? La campa√±a sucia de desprestigio a Kast la termin√≥ undiendo? El que no habla concede. Es esa la lectura?,3,Mula_4life,14,2025-08-03 01:43:19,"Es mejor no decir nada y ""hacerse el weon"" termina dandote m√°s votos con la derecha (excepto Matthei)? Es esa la lectura pol√≠tica de esta jornada?",https://reddit.com/r/RepublicadeChile/comments/1mg5yr7/la_uni√≥n_dcjara_termin√≥_perjudicando_a_jara_la/
1mg32fz,"Encuesta Atlas Intel, Jara solo le ganar√≠a a Kaiser en segunda vuelta.",17,SituationNew7609,57,2025-08-02 23:24:42,,https://reddit.com/r/RepublicadeChile/comments/1mg32fz/encuesta_atlas_intel_jara_solo_le_ganar√≠a_a/
1mfr4wx,"Encuesta Panel Ciudadano UDD, La derecha gana en todos los escenarios medidos en segunda vuelta, Kast gana la primera vuelta.",53,SituationNew7609,54,2025-08-02 14:55:08,[https://panelciudadano.cl/wp-content/uploads/2025/08/Presidencial-1-ago-El-Mercurio.pdf](https://panelciudadano.cl/wp-content/uploads/2025/08/Presidencial-1-ago-El-Mercurio.pdf),https://reddit.com/r/RepublicadeChile/comments/1mfr4wx/encuesta_panel_ciudadano_udd_la_derecha_gana_en/
1mez409,Parisi sube como la espuma,0,Green-Cucumber-2232,38,2025-08-01 16:12:57,,https://reddit.com/r/RepublicadeChile/comments/1mez409/parisi_sube_como_la_espuma/
1mcanuo,que we√° anda haciendo parisi en per√∫?,70,Da-sb,16,2025-07-29 13:54:28,,https://reddit.com/r/RepublicadeChile/comments/1mcanuo/que_we√°_anda_haciendo_parisi_en_per√∫/
1mc0da5,Parisi no vale la pena como candidato.,80,Pab0l,35,2025-07-29 03:59:55,"Soy de derecha pero a parisi siempre lo he encontrado un chanta. 

Partido con movimientos raros, pocas victorias electorales, evasi√≥n de preguntas constante. De hecho, la elecci√≥n pasada ni siquiera estuvo en chile.

Es uno de esos que se aprovecha de las elecciones para aumentar sus ganancias personales, dando charlas, haciendose conocido, ganando dinero en redes sociales, etc.

Demuestra como estamos como pa√≠s que est√© entre el puesto 3 - 4. Parisi es de los que llega al poder, se roba todo lo que puede, y luego se va a suiza.",https://reddit.com/r/RepublicadeChile/comments/1mc0da5/parisi_no_vale_la_pena_como_candidato/
1m899f8,Cosas que no entiendo al respecto de la tabla de posiciones de meganoticias,253,opinologopinologo,139,2025-07-24 17:36:10,"¬øPor qu√© todos menos Jara estan en azul? Si me dicen que es porque es de izquierda, Parisi dice no ser ni de derecha ni de izquierda y esta az√∫l.
¬øPor qu√© Parisi esta primero y no Kast con Jara?
¬øPor qu√© a la derecha de Jara sale PC de su partido, pero de Matthei sale CHV de la coalici√≥n, si Jara representa a toda la izquierda?",https://reddit.com/r/RepublicadeChile/comments/1m899f8/cosas_que_no_entiendo_al_respecto_de_la_tabla_de/
1m1v6th,Estudiantes interrumpen y encaran a Parisi en la U.de Tarapac√°,99,Maztinyer,98,2025-07-17 02:56:22,,https://reddit.com/r/RepublicadeChile/comments/1m1v6th/estudiantes_interrumpen_y_encaran_a_parisi_en_la/
1ltlnpj,Encuesta Cadem 6 de Julio: La derecha se estanca,2,Maztinyer,33,2025-07-07 06:05:31,,https://reddit.com/r/RepublicadeChile/comments/1ltlnpj/encuesta_cadem_6_de_julio_la_derecha_se_estanca/
1lr4jqb,Jara casi duplica al 2do + 3er lugar,137,Maztinyer,141,2025-07-04 00:51:27,,https://reddit.com/r/RepublicadeChile/comments/1lr4jqb/jara_casi_duplica_al_2do_3er_lugar/
1lp2nfv,Que chucha con Parisi?,51,Lucakoo,86,2025-07-01 15:09:25,"Seg√∫n la ultima Cadem Parisi empata con Mattei en un 10%. Que? Una candidata super mediatica, que algunos ya dicen ser√° la proxima presidenta de Chile empata con candidato zoom??. Lo peor es que me pongo a buscar y encuentro que parisi tiene propuestas? y razonables???. 

Este wn le gan√≥ al candidato de chile vamos po, salio 3ro, despues parte de sus votos supongo fueron a Boric y gan√≥. Sin estar en Chile xd.

Mi pregunta es; aparte del tema de la Pensi√≥n (el cual tampoco me quejo si me lo explican que no cacho bien el lore). ¬øCuales son los motivos (concretos) para no votar por Parisi realmente? Porque tiene pinta de que este wn va a seguir subiendo en la encuentas o no.

  
PD: no quiero votar por parisi ayuda",https://reddit.com/r/RepublicadeChile/comments/1lp2nfv/que_chucha_con_parisi/
1lotpwq,Razones para no votar por Parisi?,0,pizza_ranger,30,2025-07-01 06:34:43,"Veo que hay un rechazo considerable cuando se menciona votar por Parisi, como alguien que piensa votar por el, me gustaria saber las razones por las cuales lo considran como un mal candidato.",https://reddit.com/r/RepublicadeChile/comments/1lotpwq/razones_para_no_votar_por_parisi/
1lntcar,Cadem semana pasada (segunda vuelta Kast vs Jara),18,SituationNew7609,26,2025-06-30 00:54:46,"Jara le ganar√≠a solo a Kaiser, hasta Parisi le ganar√≠a a Jara.",https://reddit.com/r/RepublicadeChile/comments/1lntcar/cadem_semana_pasada_segunda_vuelta_kast_vs_jara/
1lnt2xd,La Cadem de la semana pasada.,9,SituationNew7609,6,2025-06-30 00:42:03,"Hicieron unos escenarios horribles de segunda vuelta, no tomaron Kast vs Jara aparentemente, porque su p√°gina est√° ca√≠da.",https://reddit.com/r/RepublicadeChile/comments/1lnt2xd/la_cadem_de_la_semana_pasada/
1li7nqg,Cu√°l es su propuesta favorita de cada candidato?,0,Green-Cucumber-2232,6,2025-06-23 05:35:59,"Me agrada que Parisi no tenga una posici√≥n tan fuerte respecto a el tema de siempre o que K√°iser quiera eliminar las contribuciones en su totalidad.

Incluso despu√©s largos an√°lisis puede ser necesario o mejor no hacer nada.

Que tambi√©n es una decisi√≥n.

No tenemos por que andar cambiando las cosas todos los d√≠as.",https://reddit.com/r/RepublicadeChile/comments/1li7nqg/cu√°l_es_su_propuesta_favorita_de_cada_candidato/
1li5xrg,"Al final Kaiser si hizo ver a Kast como moderado, y 67% afirman que jam√°s votar√≠an por Jara.",70,SituationNew7609,115,2025-06-23 04:00:15,,https://reddit.com/r/RepublicadeChile/comments/1li5xrg/al_final_kaiser_si_hizo_ver_a_kast_como_moderado/
1kz7skg,Sus candidatos tienen curr√≠culum?,0,Green-Cucumber-2232,42,2025-05-30 16:55:06,Parisi 1 - Resto 0,https://reddit.com/r/RepublicadeChile/comments/1kz7skg/sus_candidatos_tienen_curr√≠culum/
1kjgvl9,Parisi a la izquierda y derecha.,33,UnderstandingMean306,51,2025-05-10 19:26:46,,https://reddit.com/r/RepublicadeChile/comments/1kjgvl9/parisi_a_la_izquierda_y_derecha/
1jyc4f9,"La opci√≥n Kaiser, Kast y Parisi son realmente una opci√≥n presidencial o solo con candidaturas testimoniales?",8,Resident-Afternoon12,65,2025-04-13 17:50:53,"Para la gente mediana instruida y luego de ver lo que pas√≥ con el gobierno de Boric, parece ser que el problema principal de Chile es la falta de liderazgo, experiencia y lo m√°s importante que tenga capacidad para llegar acuerdos para sacar reformas relevantes y volver a ser un pa√≠s serio. No hay otra forma. No existe la posibilidad que un presidente en Chile empiece a gobernar por decretos como lo est√° haciendo Trump en USA. Parisi dijo el otro d√≠a que si Bolivia no deja repatriar ilegales les iba a cortar el acceso a petr√≥leo y gas natural. Kaiser quiere hacer un campamento de refugiados en el norte para ilegales. Kast a propone detenci√≥n de todos los ilegales que no quieren abandonar el pa√≠s. Y bueno as√≠ suman y suman propuestas que no pasan un examen de constitucionalidad. Entiendo que la masa todo esto suena muy bonito. Pero ac√° en Reddit veo muchos que siguen repitiendo y repitiendo que apoyan aunque sepan que esos candidatos no pueden hacer nada, m√°s que prometer cosas imposibles de cumplir. Sue√±an bonito pero pueden generar m√°s malestar al fin del d√≠a.",https://reddit.com/r/RepublicadeChile/comments/1jyc4f9/la_opci√≥n_kaiser_kast_y_parisi_son_realmente_una/
1jollzq,"Mesa con menor participaci√≥n electoral del pa√≠s, con voto voluntario el 2021",6,Maztinyer_3,11,2025-04-01 03:56:04,Solo comparto esta curiosidad,https://reddit.com/r/RepublicadeChile/comments/1jollzq/mesa_con_menor_participaci√≥n_electoral_del_pa√≠s/
1ihwdl1,Ya parece elecci√≥n bananera con tanto candidato,53,Maztinyer_3,32,2025-02-04 23:51:57,"Por si preguntan:
CHV- Chile Vamos
Republicanos
PNL (Kaiser)
Social Cristianos
PDG el de Parisi
Demo, amarillos (el partido de los fachos disfrazados de centro izquierda)
El oficialismo actual
PC-AP (el partido de Art√©s)
Partido Popular o Izquierda popular (tipo meo o ex listas del pueblo)
PEV (Ecologistas)",https://reddit.com/r/RepublicadeChile/comments/1ihwdl1/ya_parece_elecci√≥n_bananera_con_tanto_candidato/
1i5u7dj,Creen que las divisiones en la derecha le van a jugar muy en contra?,13,Maztinyer_3,40,2025-01-20 16:30:59,"Tanto en parlamentarias como presidenciales, t√©cnicamente hay 4 facciones de derecha para las pr√≥ximas elecciones.
Hasta ahora la derecha va a tener 4 o 5 candidatos presidenciales
-Evelyn Matthei (Chile Vamos)
-Jos√© Antonio Kast (Republicanos)
-Johannes Kaiser (Independiente)
-Como 4 wnes en una primaria del PSC (pero lo m√°s probable es que gane el Rojo Edwards)
- Quizas Parisi u otro wn creyendose de centro como dem√≥cratas o amarillos

Mientras que la izquierda parecer√° que va a ir unida en la coalicion FA-PC-Concerta y su fanaticada del 25-30% va a votar por ellos si o si m√°s el Art√©s y quiz√°s Meo que estos 2 √∫ltimos no sacan grandes porcentajes que digamos.
Lo que estoy diciendo es que la derecha por sus disputas se va a pegar tremendo disparo en el pie

",https://reddit.com/r/RepublicadeChile/comments/1i5u7dj/creen_que_las_divisiones_en_la_derecha_le_van_a/
15x9yit,Matthei se despega en carrera presidencial mientras Kast sigue cayendo,26,Expensive-Spirit9118,42,2023-08-21 15:54:17," Seg√∫n la √∫ltima Cadem, Evelyn Matthei es la figura pol√≠tica mejor evaluada, con un 71% de aprobaci√≥n. Esto se refleja en que la alcaldesa de Providencia ahora lidera las preferencias para una futura carrera presidencial.

Matthei aparece con un 18% en la encuesta espont√°nea, superando por un punto a Jos√© Antonio Kast. El republicano lleva meses cayendo en las mediciones y ya se desinfl√≥ 10 puntos desde mayo.

Claramente Kast viene perdiendo fuelle de a poquito. En cambio, Matthei se mantiene s√≥lida y ahora lo pas√≥ en las encuestas.

Sebasti√°n Pi√±era sale tercero con s√≥lo un 6%. El resto de los nombres como Bachelet, Parisi o Jadue no superan el 2%.

Mientras tanto, la aprobaci√≥n a Boric sigue en el piso con un 27%, versus un 69% de desaprobaci√≥n. El presidente no levanta cabeza en las encuestas.

En fin, Matthei se perfila como la gran favorita para las pr√≥ximas elecciones. Kast deber√° remontar si quiere tener opci√≥n de ganarle. ¬øCrees que Evelyn tiene posibilidades de la presidencia?  
¬øAlguno de ustedes ha sido encuestado alguna ves? yo jam√°s he sido encuestado.  
",https://reddit.com/r/RepublicadeChile/comments/15x9yit/matthei_se_despega_en_carrera_presidencial/
15qlgu7,Necesitamos a un Milei en Chile ü¶Å,0,Green-Cucumber-2232,33,2023-08-14 06:30:09,"A diferencia de Kast es independiente como Parisi pero de car√°cter m√°s fuerte

Y como economista Chicago tiene habilidad explicando econom√≠a al votante com√∫n",https://reddit.com/r/RepublicadeChile/comments/15qlgu7/necesitamos_a_un_milei_en_chile/
13b8sh7,¬øAlguno cree que lo de Karla A√±ez fue una operaci√≥n pol√≠tica ?,3,LankOMG,2,2023-05-08 01:54:45," 

**Franco Parisi** dijo antes de salir arrancando que la raz√≥n de no tener candidatos electos era la denuncia hecha encontra de la candidata en Arica, Karla A√±ez, quien cumpli√≥ condena por delitos de narcotr√°fico, al tiempo que **acus√≥ intencionalidad en esta acusaci√≥n**.

""Estamos viendo que probablemente no tengamos candidatos electos. Esperamos poder remontar en algunos pero esper√°bamos m√°s"", Pero como se vi√≥, no remontaron.

Dijo que la acusaci√≥n fue un golpe muy bien calculado. El que lo hizo lo hizo muy bien en t√©rminos de timming, estructura. Curiosamente creemos que viene del Gobierno pero benefici√≥ a Republicanos. Nadie sabe para qui√©n trabaja"".

&#x200B;

¬øCreen Uds. que fue eso o m√°s bien una coincidencia marcada por 2 tipos distintos de inoperancia, tanto del PDG como del SERVEL ?

[View Poll](https://www.reddit.com/poll/13b8sh7)",https://reddit.com/r/RepublicadeChile/comments/13b8sh7/alguno_cree_que_lo_de_karla_a√±ez_fue_una/
12wgsnb,"David Gallagher, empresario y ex embajador: ‚ÄúCon el estallido, se perdi√≥ en Chile el imperio de la ley‚Äù",25,LankOMG,9,2023-04-23 17:18:12," El empresario, economista, experto en literatura y ex embajador en Reino Unido, David Gallagher, est√° preocupado por el litio: ‚ÄúComo en tantas otras cosas uno tiene la sensaci√≥n de improvisaci√≥n en este tema‚Äù. Pero agrega:¬† ‚ÄúYo quiero que al Presidente le vaya bien. Es inteligente, emp√°tico.¬† Tiene lenguaje, es un gran comunicador. No me preocupa que cambie de opini√≥n. Es lo que hizo Mitterrand‚Äù.

**-El nuevo proceso constituyente recibe poco inter√©s de la gente. ¬øTe preocupa que vuelva a fracasar? ¬øC√≥mo afectar√≠a a la imagen del pa√≠s?**

\-Siempre hay el peligro que vuelva a fracasar y claro que preocupa y ser√≠a fatal para la imagen del pa√≠s.¬† La Constituci√≥n actual recoge mucho de la tradici√≥n constitucional chilena y la nueva puede ser muy parecida. Eso puede conducir a que la izquierda llame a rechazarla. Peor a√∫n si la extrema derecha trata de imponer demasiados criterios propios, si act√∫a con la misma soberbia que exhibi√≥ la extrema izquierda en el caso de la Constituci√≥n rechazada.

Por otro lado hay en el pa√≠s un ambiente de ‚Äúrechazo‚Äù, de bronca con las √©lites, de rabia, de negativismo. Por eso mismo yo siempre he pensado que no cabe hacer cuentas alegres con el Rechazo del 4 de septiembre. Creo que mucha gente rechaz√≥ por pura bronca, otros por castigar al gobierno. ***¬øCu√°ntos votaron Rechazo para preservar el Senado o para que haya equilibrio de poderes?***

**-En algunas encuestas para la elecci√≥n del 7 de mayo de consejeros ganan Republicanos, de Jos√© Antonio Kast y Partido de la Gente, de Parisi. ¬øEs una mala se√±al? ¬øLa centroderecha debe mantener distancia de estos fen√≥menos?**

\-En Chile pasa algo muy desafortunado. Tenemos a unas √©lites muy polarizadas . Eso contrasta con una ciudadan√≠a mucho m√°s moderada. De all√≠ justamente su bronca con las √©lites. Pero desgraciadamente los votantes tienen que elegir entre lo que hay, y bueno, podr√≠amos terminar con otra mala segunda vuelta, una librada entre dos extremos.

Felizmente ha renacido la centroizquierda y en algo la centroderecha pero todav√≠a les falta mucho porque han renacido ¬†en torno a caciquismos, incluso, en la centroizquierda, partidos innecesariamente nuevos. Hay demasiados individuos dando vuelta que quieren destacarse, ser los que mandan. Por supuesto la centroderecha tiene que mantener distancia de los Republicanos y el Partido de la Gente as√≠ como la centroizquierda la deber√≠a mantener de Apruebo Dignidad. Los Republicanos est√°n en un maximalismo apto para un pa√≠s de pizarr√≥n, no uno real, y el Partido de la Gente es cualquier cosa: tienen una franja con Pamela Jiles exigiendo el sexto retiro.

**-Kast lidera las preferencias presidenciales en algunas encuestas. ¬øLa derecha cometer√≠a un error en volver a apoyarlo?**

\-Yo espero que la centroderecha y centroizquierda sean ambos capaces de levantar buenos candidatos y que la segunda vuelta sea entre ellos. Ese es el gran desaf√≠o.

**-¬øObservas en el pa√≠s un aumento del populismo? ¬øExiste el riesgo de buscar una ‚Äúf√≥rmula Bukele‚Äù para acabar con la delincuencia?**

\-Se ha creado un clima de excitaci√≥n en torno a la delincuencia. Podr√≠a haber una masacre en Ucrania y los canales de televisi√≥n ignorarla para privilegiar los asaltos del d√≠a. Eso nos tiene a todos enloquecidos. ***El combate a la delincuencia y al crimen organizado requiere un gran proyecto que se alimente de todo lo hecho en el mundo en esta materia.***

Se requiere un esfuerzo , con estrecha cooperaci√≥n internacional, para ***seguir la ruta del dinero.*** Los bancos le tramitan hasta el cansancio a las PYMEs que quieren abrir una cuenta, pero dejan que los narcos trasfieran ingentes cantidades de dinero por todo el mundo. ¬øC√≥mo es posible? ¬øD√≥nde est√° la UAF (Unidad de An√°lisis Financiero) en esto? ¬†¬øQui√©n siquiera lo pregunta? Enseguida se requiere un magno esfuerzo de inteligencia. ***¬øD√≥nde est√° la ANI (Agencia Nacional de Inteligencia)? ¬øEsa ANI que nunca supo siquiera c√≥mo se dio el estallido?***

**-¬øQu√© medidas son √∫tiles?**

\-En polic√≠a, m√°s que leyes como Nain-Retamal *-por necesarias que sean-* necesitamos una vasta modernizaci√≥n que incluya equipamiento, capacitaci√≥n, incremento de dotaci√≥n y una verdadera valoraci√≥n del trabajo de aquellos que arriesgan a diario sus vidas, y eso significa mejores sueldos, horas razonables y aprecio de parte de sus propios superiores.

Por otro lado, necesitamos mejores fiscales y mejores jueces. En Chile hemos pagado caro por pagarles poco a algunas de las profesiones m√°s importantes e influyentes. Finalmente, intervenciones en los barrios m√°s vulnerables para que haya m√°s seguridad pero tambi√©n para que haya parques, deportes,¬† diversiones, adem√°s de colegios y hospitales dignos. En suma se requiere un plan global con base cient√≠fica, con fundamentos emp√≠ricos, no un ataque de histeria a lo Bukele. El espect√°culo de tener a delincuentes semi desnudos pegados uno a otro es en realidad una vindicaci√≥n de la violencia, es darle al delincuente un ejemplo de barbarie.

**-La gente habla de crimen organizado, de bandas narcos, de sicariato. ¬øTe ha sorprendido el auge de la delincuencia a tu regreso a Chile? ¬øC√≥mo ha sido la respuesta del gobierno?**

\-Creo que con el estallido, alentado y vindicado por muchos de quienes hoy gobiernan, se perdi√≥ en Chile el imperio de la ley. Los retiros ¬†de los fondos de pensiones posteriores fueron otro ejemplo de lo mismo. Se gener√≥ un tremendo vac√≠o. No hay mejor terreno para el crimen organizado que un vac√≠o de ese tipo.

El gobierno est√° empezando a actuar, pero son muchos los palos de ciego. Mucha ret√≥rica. Creo que los delincuentes se deben re√≠r a gritos cada vez que ven a un ministro diciendo que el gobierno se va a ‚Äúquerellar‚Äù o a un fiscal diciendo que el crimen se va ‚Äúinvestigar‚Äù. ***Querellarse, investigar: no hay dos verbos empleados en forma m√°s in√∫til en el Chile de hoy.*** Cada vez que los oigo, me deprimo.

**-El Presidente Boric cumpli√≥ el mes pasado su primer a√±o en La Moneda. La aprobaci√≥n no pasa del 30%, parecido a lo que logr√≥ en primera vuelta. ¬øQu√© atributos y defectos ves en el Presidente?**

\-Yo quiero que al Presidente le vaya bien. Es inteligente, emp√°tico.¬† Tiene lenguaje, es un gran comunicador. No me preocupa que cambie de opini√≥n. Es lo que hizo el Presidente Mitterrand. Nacionaliz√≥ la banca y una buena parte de la industria francesa y despu√©s recul√≥, para desde all√≠ hacer un gran gobierno, que fue un ejemplo de moderaci√≥n y eficacia para la izquierda europea. Sin √©l no habr√≠a sido tan exitoso el gobierno de Felipe Gonz√°lez en Espa√±a. Tambi√©n est√° el caso de Alexis Tsipras en Grecia. Despu√©s de solo seis meses se desprendi√≥ de su gur√∫ rupturista Yanis Varoufakis y empez√≥ a gobernar para todos los griegos, con criterio y eficiencia.

Por lo dem√°s, alegr√©monos de que Boric ha cambiado mucho m√°s r√°pido que ellos. Su discurso de la ENADE me pareci√≥ magn√≠fico. Adem√°s, llev√≥ a un grupo contundente de ministros a acompa√±arlo, en una semana en que se hab√≠a aprobado el proyecto de Los Bronces y se hab√≠a nombrado a Alvaro Elizalde como ministro.

‚Äì**¬øY respecto al litio cu√°l es tu posici√≥n?**

\-Muchos creen que esa misma noche del jueves, ¬†el Presidente desvirtu√≥ todo lo anterior con los anuncios del litio, pero tenemos que estudiar bien esos anuncios antes de condenarlos. Es un avance que se le d√© un papel importante al sector privado. Sin embargo, en lo del litio, como en tantas otras cosas, uno s√≠ tiene la sensaci√≥n de improvisaci√≥n.

**-¬øEn qu√© sentido?**

\-Como que se estuviera inventando un camino al andar en que se quiere que haya inversi√≥n, se quiere que Chile no pierda la oportunidad acotada en el tiempo que ofrece el litio, pero a la vez se quiere meter ingredientes que complazcan al PC y al Frente Amplio, y entonces se produce un enjambre dif√≠cil de entender.

¬øCodelco no tiene desde 2010 un gobierno corporativo establecido por ley? ¬øC√≥mo puede ahora estar obedeciendo instrucciones del Estado en un sector en que hasta ahora no se la ha podido, cuando ¬†adem√°s ya le basta con las crisis que tiene en sus minas de cobre?

**-Hay dos almas en el gobierno, Socialismo Democr√°tico y Apruebo Dignidad. Una divisi√≥n que se evidenci√≥ en el tema de la ley corta de isapres. Mientras algunos est√°n por reformarlas, otros por pr√°cticamente eliminarlas. ¬øEsta pugna hace m√°s dif√≠cil a√∫n el acto de gobernar?**

\-Lo hace m√°s dif√≠cil por supuesto. Apruebo Dignidad tiene alma rupturista. Los de Socialismo Democr√°tico son los herederos de los magn√≠ficos ‚Äú30 a√±os‚Äù. Ojal√° no se dejen intimidar. Muchos gobiernos chilenos han tenido dos¬† o m√°s almas.¬† En el primer gobierno de Bachelet hab√≠a el alma Osvaldo Andrade y el alma Andr√©s Velasco. Ella termin√≥ optando por Velasco.

Pero tambi√©n hay gobiernos que crean una suerte de divisi√≥n de trabajo. Un alma que maneja la econom√≠a por ejemplo, otra que maneja derechos humanos, cultura. No es lo ideal, y los pa√≠ses pierden grandes oportunidades as√≠. Nadie podr√≠a envidiarle al Presidente la situaci√≥n actual.",https://reddit.com/r/RepublicadeChile/comments/12wgsnb/david_gallagher_empresario_y_ex_embajador_con_el/
115mjse,Porque no me sorprende,80,Top-Bullfrog-2544,146,2023-02-18 19:03:37,√ëu√±oa no aprende,https://reddit.com/r/RepublicadeChile/comments/115mjse/porque_no_me_sorprende/
x6fk1f,De verdad creen que s√≥lo meses atr√°s este mismo electorado vot√≥ por Boric? Donde en primera vuelta Kast le hab√≠a ganado a Boric mientras que Parisi+Sichel se la volaron a los otros zurdos ?,3,_Vespasian_,3,2022-09-05 13:56:39,,https://reddit.com/r/RepublicadeChile/comments/x6fk1f/de_verdad_creen_que_s√≥lo_meses_atr√°s_este_mismo/
x1pxpq,Inscripci√≥n para apoderado por el rechazo,3,3punto14kopavo,33,2022-08-30 19:03:36,"Esa es la pregunta donde uno se puede inscribir como apoderado por el rechazo. 

Ustedes creen que tenga alguna consecuencia as√≠ como quedar marcado si es que llega a ganar el apruebo. Como dec√≠a Franco parisi mejor mantener tu opini√≥n oculta, hay que cuidar el trabajo.",https://reddit.com/r/RepublicadeChile/comments/x1pxpq/inscripci√≥n_para_apoderado_por_el_rechazo/
vm8f2u,Parisi: El gran regalito de Boric a los bancos,33,WhoKnowsWhatMatters,40,2022-06-28 00:20:47,,https://reddit.com/r/RepublicadeChile/comments/vm8f2u/parisi_el_gran_regalito_de_boric_a_los_bancos/
vl0oqn,"Espa√±a frente a Chile: An√°lisis econ√≥mico y social, con el candidato a la presidencia Franco Parisi.",6,SageManeja,1,2022-06-26 10:12:33,,https://reddit.com/r/RepublicadeChile/comments/vl0oqn/espa√±a_frente_a_chile_an√°lisis_econ√≥mico_y_social/
viljx4,Juan Ram√≥n Rallo junto a Parisi y compa√±√≠a,6,WhoKnowsWhatMatters,7,2022-06-23 02:57:29,,https://reddit.com/r/RepublicadeChile/comments/viljx4/juan_ram√≥n_rallo_junto_a_parisi_y_compa√±√≠a/
rjj5uk,Franco Parisi anuncia su apoyo a Kast tras consulta del PDG,24,nietzs-cl,13,2021-12-18 23:15:11,,https://reddit.com/r/RepublicadeChile/comments/rjj5uk/franco_parisi_anuncia_su_apoyo_a_kast_tras/
rcgn0x,"Boric se resta de Bad Boys por no pago de pensi√≥n de alimentos: Parisi ""contraatacar√°"" este domingo",20,nietzs-cl,25,2021-12-09 12:26:55,,https://reddit.com/r/RepublicadeChile/comments/rcgn0x/boric_se_resta_de_bad_boys_por_no_pago_de_pensi√≥n/
rc7f4v,La verdad de la pension de Parisi,3,Karkamus,10,2021-12-09 02:27:51,,https://reddit.com/r/RepublicadeChile/comments/rc7f4v/la_verdad_de_la_pension_de_parisi/
r9k4oi,"Boric deja en duda su asistencia a ""Bad Boys"" y pide aclarar supuesto encuentro entre Parisi y Kast",12,nietzs-cl,5,2021-12-05 17:08:03,,https://reddit.com/r/RepublicadeChile/comments/r9k4oi/boric_deja_en_duda_su_asistencia_a_bad_boys_y/
r91h3a,¬øPuede Kast ganar todav√≠a?,30,waurkjan,52,2021-12-04 22:59:38,"¬øQu√© opinan? Considerando que es altamente probable que ahora vayan a votar los j√≥venes en masa por Boric, y es poco probable que suba la participaci√≥n de las comunas ABC1 o las tradicionalmente fachas. Adem√°s, ¬ødepender√° solamente de eso? (que grupo vaya m√°s a votar), ¬øo habr√° gente que todav√≠a podr√° y est√° dispuesta a cambiar de bando? ¬øY qu√© tal los votantes de Parisi? ¬øQu√© creen qu√© pasar√° con ellos y cu√°nta relevancia tendr√°n? ¬øSi Parisi apoya p√∫blicamente a Kast, ser√≠a notorio el impacto?   


Y la pregunta m√°s importante de todas, si tuvieran que apostar todo su dinero, ¬øa qui√©n apostar√≠an? ¬øBoric o Kast?",https://reddit.com/r/RepublicadeChile/comments/r91h3a/puede_kast_ganar_todav√≠a/
r7cy95,"Parisi en su programa de ayer ""El programa econ√≥mico de Boric es muy malo (...) le va a pegar el manotazo a la caja ( de las AFP)""",33,WhoKnowsWhatMatters,12,2021-12-02 17:49:17,,https://reddit.com/r/RepublicadeChile/comments/r7cy95/parisi_en_su_programa_de_ayer_el_programa/
r2w52e,"Jadue y votantes de Parisi: ""Son individualistas y lo √∫nico que buscan es m√°s plata en el bolsillo""",10,nietzs-cl,4,2021-11-26 20:32:23,,https://reddit.com/r/RepublicadeChile/comments/r2w52e/jadue_y_votantes_de_parisi_son_individualistas_y/
r2n7yk,Alcalde Jadue describe a votantes de Parisi: son ¬´tremendamente individualistas¬ª,1,aleshiromuwu,2,2021-11-26 13:15:02,,https://reddit.com/r/RepublicadeChile/comments/r2n7yk/alcalde_jadue_describe_a_votantes_de_parisi_son/
qzr8tw,"Parisi: ""Si sale Boric, la econom√≠a Chilena se va a hundir""",68,cafeengrano,16,2021-11-22 17:51:34,,https://reddit.com/r/RepublicadeChile/comments/qzr8tw/parisi_si_sale_boric_la_econom√≠a_chilena_se_va_a/
qzpvkk,"Parisi tras tercer lugar en las presidenciales: ""Chile habl√≥""",14,nietzs-cl,8,2021-11-22 16:53:50,,https://reddit.com/r/RepublicadeChile/comments/qzpvkk/parisi_tras_tercer_lugar_en_las_presidenciales/
qz734a,La nueva explicaci√≥n de Franco Parisi para no venir a Chile a votar: ‚ÄúTen√≠a que trabajar‚Äù,14,nietzs-cl,3,2021-11-21 23:14:15,,https://reddit.com/r/RepublicadeChile/comments/qz734a/la_nueva_explicaci√≥n_de_franco_parisi_para_no/
qy9i4u,Los Parisi Lovers,9,nietzs-cl,3,2021-11-20 16:48:35,Por qui√©n votaran en segunda vuelta?,https://reddit.com/r/RepublicadeChile/comments/qy9i4u/los_parisi_lovers/
quu54i,[Live Thread] Debate Anatel 15 de noviembre 20:00,7,gabrielknaked,21,2021-11-15 23:58:07,"Ya saben ni√±os, el debate de Anatel a las 20:00. Todos menos Parisi.

V√©alo por TVN, Mega, CHV y Canal 13.

Me imagino que en los YouTube Tambi√©n ([YT del 13](https://www.youtube.com/c/tele13))

De todos modos, de seguro estar√° en alg√∫n canal de [Tele](https://alplox.github.io/tele/).",https://reddit.com/r/RepublicadeChile/comments/quu54i/live_thread_debate_anatel_15_de_noviembre_2000/
qodfgn,"Franco Parisi no viaja a Chile: se excus√≥ con ""PCR inconcluso""",16,nietzs-cl,7,2021-11-07 00:47:08,,https://reddit.com/r/RepublicadeChile/comments/qodfgn/franco_parisi_no_viaja_a_chile_se_excus√≥_con_pcr/
qo0pdx,Cadem: Kast ganar√≠a en todos los escenarios en segunda vuelta y Parisi por primera vez se toma el tercer lugar,21,nietzs-cl,12,2021-11-06 13:52:58,,https://reddit.com/r/RepublicadeChile/comments/qo0pdx/cadem_kast_ganar√≠a_en_todos_los_escenarios_en/
ptkpjr,Primer Debate Presidencial 2021 CNN Chile-Chilevisi√≥n,14,ozzraven,29,2021-09-23 02:34:23,"* Sebasti√°n Sichel (GRIS)
* Jos√© Antonio Kast (NEGRO)
* Yasna Provoste (CAMALEON)
* Gabriel Boric (AMARILLO)
* Eduardo Art√©s (ROJO)

AUSENTES

* Meo (Se Me√≥)
* Parisi (Funao)

Haga sus descargos!",https://reddit.com/r/RepublicadeChile/comments/ptkpjr/primer_debate_presidencial_2021_cnn/
prljy9,Parisi: Candidato con arraigo - #ReportajesT13,5,nietzs-cl,2,2021-09-20 03:11:28,,https://reddit.com/r/RepublicadeChile/comments/prljy9/parisi_candidato_con_arraigo_reportajest13/
oo85cy,¬øQue piensan de Parisi y el PDG?,12,Robesteban,9,2021-07-20 19:37:23,"el Partido de la Gente se jacta de que hoy acaban de pasar a RN y se transformaron en el tercer partido con m√°s militante, a unos escasos 1500 miembros de alcanzar al partido socialista. Y es un secreto a voces que su candidato presidencial ser√° Parisi. La pregunta es, ¬øpodr√°n traducir esos 40 mil militantes en una cantidad de votantes suficientes para surgir como (seg√∫n ellos dicen) la fuerza de centro?",https://reddit.com/r/RepublicadeChile/comments/oo85cy/que_piensan_de_parisi_y_el_pdg/
nyxut5,C√≥mo es el plan para instalar a Franco Parisi en la primera vuelta presidencial,0,nietzs-cl,3,2021-06-13 15:46:50,,https://reddit.com/r/RepublicadeChile/comments/nyxut5/c√≥mo_es_el_plan_para_instalar_a_franco_parisi_en/
